Gemeente;Code;AmsterdamseCode;Partij;AantalStemmen;AantalZetels;
's-Gravenhage;G0518;11434;Hart voor Den Haag / Groep de Mos;62878;16;
's-Gravenhage;G0518;11434;D66;31646;8;
's-Gravenhage;G0518;11434;GROENLINKS / Partij van de Arbeid (PvdA);31311;7;
's-Gravenhage;G0518;11434;VVD;14975;3;
's-Gravenhage;G0518;11434;DENK;12988;3;
's-Gravenhage;G0518;11434;Partij voor de Dieren;9805;2;
's-Gravenhage;G0518;11434;CDA;8771;2;
's-Gravenhage;G0518;11434;SP (Socialistische Partij);4397;1;
's-Gravenhage;G0518;11434;Forum voor Democratie;4164;1;
's-Gravenhage;G0518;11434;Volt;4015;1;
's-Gravenhage;G0518;11434;ChristenUnie-SGP;3984;1;
's-Gravenhage;G0518;11434;Drerrie voor Den Haag (DvD);2907;;
's-Gravenhage;G0518;11434;PVV (Partij voor de Vrijheid);2712;;
's-Gravenhage;G0518;11434;50PLUS;2278;;
's-Gravenhage;G0518;11434;Blanco (lijst 16);1954;;
's-Gravenhage;G0518;11434;Haagse Stadspartij;1758;;
's-Gravenhage;G0518;11434;INL Den Haag;669;;
's-Gravenhage;G0518;11434;Nieuw Sociaal Contract (NSC);646;;
's-Gravenhage;G0518;11434;Partij voor de Rechtsstaat;237;;
's-Gravenhage;G0518;11434;Blanco (lijst 19);108;;
's-Hertogenbosch;G0796;10054;D66;11987;8;
's-Hertogenbosch;G0796;10054;GROENLINKS / Partij van de Arbeid;11313;8;
's-Hertogenbosch;G0796;10054;VVD;5889;4;
's-Hertogenbosch;G0796;10054;Leefbaar 's-Hertogenbosch;5814;4;
's-Hertogenbosch;G0796;10054;Rosmalens Belang;5377;3;
's-Hertogenbosch;G0796;10054;De Bossche Groenen;4734;3;
's-Hertogenbosch;G0796;10054;CDA;4642;3;
's-Hertogenbosch;G0796;10054;Forum voor Democratie;2689;1;
's-Hertogenbosch;G0796;10054;SP (Socialistische Partij);2605;1;
's-Hertogenbosch;G0796;10054;PVV (Partij voor de Vrijheid);2455;1;
's-Hertogenbosch;G0796;10054;gewoon ge-DREVEN;2144;1;
's-Hertogenbosch;G0796;10054;50PLUS;1769;1;
's-Hertogenbosch;G0796;10054;Partij voor de Dieren;1570;1;
's-Hertogenbosch;G0796;10054;VOOR Den Bosch Joep Gersjes;1155;;
's-Hertogenbosch;G0796;10054;Volt;1115;;
's-Hertogenbosch;G0796;10054;Senioren 's-Hertogenbosch;751;;
's-Hertogenbosch;G0796;10054;"RAADSGROEPERING ""BOSCH-BELANG""";651;;
's-Hertogenbosch;G0796;10054;Keerpunt Alliantie '26 (Knillis);86;;
Aa en Hunze;G1680;10787;Gemeentebelangen Aa en Hunze;5261;8;
Aa en Hunze;G1680;10787;GROENLINKS / Partij van de Arbeid (PvdA);3188;5;
Aa en Hunze;G1680;10787;VVD;3055;5;
Aa en Hunze;G1680;10787;D66;1376;2;
Aa en Hunze;G1680;10787;CDA;966;1;
Aalsmeer;G0358;11264;VVD;4312;8;
Aalsmeer;G0358;11264;CDA;2751;5;
Aalsmeer;G0358;11264;FlorAalsmeer;2041;3;
Aalsmeer;G0358;11264;Absoluut Aalsmeer;1908;3;
Aalsmeer;G0358;11264;GROENLINKS / Partij van de Arbeid;1531;2;
Aalsmeer;G0358;11264;D66;1294;2;
Aalten;G0197;11046;CDA;4323;7;
Aalten;G0197;11046;BBB-HMV;2799;4;
Aalten;G0197;11046;GemeenteBelangen;2317;4;
Aalten;G0197;11046;Progressieve Partij-GroenLinks-PvdA;2080;3;
Aalten;G0197;11046;VVD;1554;2;
Aalten;G0197;11046;ChristenUnie;776;1;
Achtkarspelen;G0059;10199;FNP;2462;5;
Achtkarspelen;G0059;10199;CDA;2410;5;
Achtkarspelen;G0059;10199;Forum voor Democratie;1542;3;
Achtkarspelen;G0059;10199;GROENLINKS / Partij van de Arbeid (PvdA);1424;3;
Achtkarspelen;G0059;10199;ChristenUnie;1356;2;
Achtkarspelen;G0059;10199;PVV (Partij voor de Vrijheid);1161;2;
Achtkarspelen;G0059;10199;GBA;908;1;
Achtkarspelen;G0059;10199;BBB;429;;
Achtkarspelen;G0059;10199;VVD;400;;
Achtkarspelen;G0059;10199;Sociaal Democraten Achtkarspelen;270;;
Alblasserdam;G0482;11327;Staatkundig Gereformeerde Partij (SGP);2663;6;
Alblasserdam;G0482;11327;VVD;1829;4;
Alblasserdam;G0482;11327;GROENLINKS / Partij van de Arbeid (PvdA);1398;3;
Alblasserdam;G0482;11327;CDA;1349;3;
Alblasserdam;G0482;11327;ChristenUnie;777;2;
Alblasserdam;G0482;11327;D66;487;1;
Albrandswaard;G0613;10124;Echt voor Albrandswaard (EVA);2408;5;
Albrandswaard;G0613;10124;Leefbaar Albrandswaard;1864;4;
Albrandswaard;G0613;10124;VVD;1841;4;
Albrandswaard;G0613;10124;GROENLINKS / Partij van de Arbeid (PvdA);1297;2;
Albrandswaard;G0613;10124;CDA;1218;2;
Albrandswaard;G0613;10124;Stem-Lokaal;1009;2;
Albrandswaard;G0613;10124;D66;885;2;
Albrandswaard;G0613;10124;NAP;383;;
Alkmaar;G0361;10527;GROENLINKS / Partij van de Arbeid (PvdA);9743;9;
Alkmaar;G0361;10527;D66;6137;5;
Alkmaar;G0361;10527;B.A.S.;5399;5;
Alkmaar;G0361;10527;VVD;4881;4;
Alkmaar;G0361;10527;Onafhankelijke Partij Alkmaar;4304;4;
Alkmaar;G0361;10527;Forum voor Democratie;4080;3;
Alkmaar;G0361;10527;CDA;3112;3;
Alkmaar;G0361;10527;Leefbaar Alkmaar;2175;2;
Alkmaar;G0361;10527;Partij voor de Dieren;1781;1;
Alkmaar;G0361;10527;SeniorenPartij Alkmaar (SPA) ouderen;1744;1;
Alkmaar;G0361;10527;Status Quo;1418;1;
Alkmaar;G0361;10527;SP (Socialistische Partij);1308;1;
Alkmaar;G0361;10527;Volt;957;;
Alkmaar;G0361;10527;ChristenUnie;928;;
Almelo;G0141;11053;VVD;3539;5;
Almelo;G0141;11053;CDA;3129;5;
Almelo;G0141;11053;Lokaal Almelo Samen;3083;4;
Almelo;G0141;11053;GROENLINKS/Partij van de Arbeid (PvdA);3035;4;
Almelo;G0141;11053;Forum voor Democratie;1995;3;
Almelo;G0141;11053;PVV (Partij voor de Vrijheid);1638;2;
Almelo;G0141;11053;ChristenUnie;1530;2;
Almelo;G0141;11053;Democraten.nu Almelo;1506;2;
Almelo;G0141;11053;D66;1368;2;
Almelo;G0141;11053;Almelo Centraal;1065;1;
Almelo;G0141;11053;DENK;1052;1;
Almelo;G0141;11053;Partij Vrij Almelo (PVA);977;1;
Almelo;G0141;11053;Blanco (lijst 16);806;1;
Almelo;G0141;11053;50PLUS;655;1;
Almelo;G0141;11053;Blanco (lijst 14);636;1;
Almelo;G0141;11053;Leefbaar Almelo;556;;
Almelo;G0141;11053;SP (Socialistische Partij);538;;
Almelo;G0141;11053;Volt;257;;
Almere;G0034;10018;GROENLINKS / Partij van de Arbeid (PvdA);10853;8;
Almere;G0034;10018;VVD;7702;5;
Almere;G0034;10018;D66;6870;5;
Almere;G0034;10018;PVV (Partij voor de Vrijheid);5612;4;
Almere;G0034;10018;Forum voor Democratie;5389;4;
Almere;G0034;10018;JA21;5304;4;
Almere;G0034;10018;CDA;4521;3;
Almere;G0034;10018;50PLUS;4137;3;
Almere;G0034;10018;Leefbaar Almere;3977;3;
Almere;G0034;10018;SP (Socialistische Partij);2847;2;
Almere;G0034;10018;Partij voor de Dieren;2611;1;
Almere;G0034;10018;DENK;2327;1;
Almere;G0034;10018;Almere Partij;2017;1;
Almere;G0034;10018;ChristenUnie;2010;1;
Almere;G0034;10018;Samen voor Almere;1053;;
Almere;G0034;10018;Sterk Lokaal Almere;1025;;
Almere;G0034;10018;De Verbinding;699;;
Almere;G0034;10018;Partij Generatie Almere;262;;
Almere;G0034;10018;Blanco (lijst 16);173;;
Alphen aan den Rijn;G0484;10517;Nieuw Elan;9437;8;
Alphen aan den Rijn;G0484;10517;CDA;7965;7;
Alphen aan den Rijn;G0484;10517;GROENLINKS / Partij van de Arbeid (PvdA);6259;5;
Alphen aan den Rijn;G0484;10517;Forum voor Democratie;5394;4;
Alphen aan den Rijn;G0484;10517;VVD;4484;4;
Alphen aan den Rijn;G0484;10517;D66;4348;4;
Alphen aan den Rijn;G0484;10517;RijnGouweLokaal (RGL);3107;2;
Alphen aan den Rijn;G0484;10517;Staatkundig Gereformeerde Partij (SGP);1934;1;
Alphen aan den Rijn;G0484;10517;ChristenUnie;1931;1;
Alphen aan den Rijn;G0484;10517;ONS Alphen;1550;1;
Alphen aan den Rijn;G0484;10517;SP (Socialistische Partij);1425;1;
Alphen aan den Rijn;G0484;10517;Partij voor de Dieren;1278;1;
Alphen aan den Rijn;G0484;10517;Alphen voor Elkaar (AvE);1030;;
Alphen-Chaam;G1723;10710;Lokaal Krachtig;2204;6;
Alphen-Chaam;G1723;10710;GBSV;1041;3;
Alphen-Chaam;G1723;10710;CDA;884;3;
Alphen-Chaam;G1723;10710;VVD;631;2;
Alphen-Chaam;G1723;10710;D66;522;1;
Altena;G1959;10078;CDA;5428;6;
Altena;G1959;10078;AltenaLokaal;4479;5;
Altena;G1959;10078;Staatkundig Gereformeerde Partij (SGP);4467;5;
Altena;G1959;10078;Forum voor Democratie;4002;4;
Altena;G1959;10078;Vrije Volkspartij Altena;3255;4;
Altena;G1959;10078;Progressief Altena;2915;3;
Altena;G1959;10078;ChristenUnie;2387;2;
Altena;G1959;10078;VVD;2141;2;
Ameland;G0060;11153;AmelandEén;662;3;
Ameland;G0060;11153;CDA;592;3;
Ameland;G0060;11153;Algemeen Belang Ameland;300;2;
Ameland;G0060;11153;A82;275;1;
Ameland;G0060;11153;Partij van de Arbeid (PvdA);219;1;
Ameland;G0060;11153;VVD;150;1;
Amersfoort;G0307;10948;GROENLINKS / Partij van de Arbeid (PvdA);12850;7;
Amersfoort;G0307;10948;KeiHart voor Amersfoort;10949;6;
Amersfoort;G0307;10948;D66;8902;5;
Amersfoort;G0307;10948;VVD;8510;4;
Amersfoort;G0307;10948;CDA;7778;4;
Amersfoort;G0307;10948;Amersfoort voor Vrijheid;6659;3;
Amersfoort;G0307;10948;Amersfoort2014;5027;2;
Amersfoort;G0307;10948;ChristenUnie;4592;2;
Amersfoort;G0307;10948;Burger Partij Amersfoort (BPA);3184;1;
Amersfoort;G0307;10948;Beter Amersfoort;3099;1;
Amersfoort;G0307;10948;Partij voor de Dieren;2949;1;
Amersfoort;G0307;10948;Forum voor Democratie;2769;1;
Amersfoort;G0307;10948;DENK;2524;1;
Amersfoort;G0307;10948;SP (Socialistische Partij);1799;1;
Amersfoort;G0307;10948;Volt;1635;;
Amersfoort;G0307;10948;ECHT Amersfoort;854;;
Amersfoort;G0307;10948;Nieuw Sociaal Contract (NSC);268;;
Amersfoort;G0307;10948;BBB;258;;
Amstelveen;G0362;10799;GROENLINKS / Partij van de Arbeid (PvdA);8120;9;
Amstelveen;G0362;10799;VVD;7436;9;
Amstelveen;G0362;10799;D66;6557;7;
Amstelveen;G0362;10799;Actief voor Amstelveen;3894;4;
Amstelveen;G0362;10799;Forum voor Democratie;2246;2;
Amstelveen;G0362;10799;Burgerbelangen Amstelveen;1998;2;
Amstelveen;G0362;10799;50PLUS;1617;1;
Amstelveen;G0362;10799;CDA;1407;1;
Amstelveen;G0362;10799;Socialistische Partij (SP);1285;1;
Amstelveen;G0362;10799;Goed voor Amstelveen;1104;1;
Amstelveen;G0362;10799;ChristenUnie;620;;
Amsterdam;G0363;11150;GROENLINKS;61706;10;
Amsterdam;G0363;11150;D66;55377;8;
Amsterdam;G0363;11150;Partij van de Arbeid (PvdA);48423;7;
Amsterdam;G0363;11150;VVD;37406;6;
Amsterdam;G0363;11150;Partij voor de Dieren;20391;3;
Amsterdam;G0363;11150;Volt;17478;2;
Amsterdam;G0363;11150;JA21;16907;2;
Amsterdam;G0363;11150;DENK;16372;2;
Amsterdam;G0363;11150;BIJ1;12931;2;
Amsterdam;G0363;11150;CDA;10927;1;
Amsterdam;G0363;11150;Forum voor Democratie;10476;1;
Amsterdam;G0363;11150;SP (Socialistische Partij);10248;1;
Amsterdam;G0363;11150;De Vonk;5532;;
Amsterdam;G0363;11150;ChristenUnie;4506;;
Amsterdam;G0363;11150;De Stem Van Amsterdam;3979;;
Amsterdam;G0363;11150;50PLUS;2365;;
Amsterdam;G0363;11150;Hart voor Amsterdam/Partij van de Ouderen;2166;;
Amsterdam;G0363;11150;Piratenpartij;1495;;
Amsterdam;G0363;11150;Namens Amsterdammers.;1091;;
Amsterdam;G0363;11150;BBB;576;;
Amsterdam;G0363;11150;Amsterdamse Alternatieve Alliantie;423;;
Amsterdam;G0363;11150;LEF - Voor de Nieuwe Generatie;411;;
Amsterdam;G0363;11150;Partij voor Morgen;410;;
Amsterdam;G0363;11150;LP (Libertaire Partij);393;;
Amsterdam;G0363;11150;LCA (Liberaal Collectief Amsterdam);381;;
Amsterdam;G0363;11150;Het Elan;330;;
Amsterdam;G0363;11150;NL PLAN;236;;
Amsterdam;G0363;11150;ELLECT;215;;
Amsterdam;G0363;11150;Partij voor de Rechtsstaat;197;;
Amsterdam;G0363;11150;Partij voor Betaalbaar Leven (PvBL);192;;
Amsterdam;G0363;11150;1 WERELD 1 TOEKOMST (1W1T);168;;
Amsterdam;G0363;11150;Partij voor Ontwikkeling;165;;
Amsterdam;G0363;11150;De Republikeinse Politieke Partij;119;;
Amsterdam;G0363;11150;De Nieuwe Politiek;93;;
Amsterdam;G0363;11150;Anti-racistische Moslimpartij;92;;
Apeldoorn;G0200;11075;Lokaal Apeldoorn;11573;7;
Apeldoorn;G0200;11075;GROENLINKS / Partij van de Arbeid (PvdA);10386;6;
Apeldoorn;G0200;11075;VVD;7870;5;
Apeldoorn;G0200;11075;CDA;7597;4;
Apeldoorn;G0200;11075;D66;6079;3;
Apeldoorn;G0200;11075;Forum voor Democratie;5885;3;
Apeldoorn;G0200;11075;Staatkundig Gereformeerde Partij (SGP);4083;2;
Apeldoorn;G0200;11075;WijApeldoorn;3707;2;
Apeldoorn;G0200;11075;ChristenUnie;3678;2;
Apeldoorn;G0200;11075;BVA (Beter voor Apeldoorn);3285;2;
Apeldoorn;G0200;11075;50PLUS;2406;1;
Apeldoorn;G0200;11075;Partij voor de Dieren;2235;1;
Apeldoorn;G0200;11075;SP (Socialistische Partij);1862;1;
Apeldoorn;G0200;11075;BBB;1355;;
Apeldoorn;G0200;11075;Nieuw Sociaal Contract (NSC);156;;
Arnhem;G0202;10795;GROENLINKS / Partij van de Arbeid (PvdA);15653;10;
Arnhem;G0202;10795;VVD;8148;5;
Arnhem;G0202;10795;D66;6840;4;
Arnhem;G0202;10795;Arnhem Centraal;6528;4;
Arnhem;G0202;10795;Forum voor Democratie;4772;3;
Arnhem;G0202;10795;BurgerBelang Arnhem;4526;3;
Arnhem;G0202;10795;Partij voor de Dieren;4234;2;
Arnhem;G0202;10795;CDA;3875;2;
Arnhem;G0202;10795;SP (Socialistische Partij);3467;2;
Arnhem;G0202;10795;DENK;3134;2;
Arnhem;G0202;10795;Volt;2254;1;
Arnhem;G0202;10795;ChristenUnie;1642;1;
Arnhem;G0202;10795;Nederlandse Volks-Unie (NVU);416;;
Arnhem;G0202;10795;LEF - Voor de Nieuwe Generatie;357;;
Arnhem;G0202;10795;Piratenpartij;327;;
Assen;G0106;10522;ASSEN CENTRAAL;5895;7;
Assen;G0106;10522;GROENLINKS / Partij van de Arbeid (PvdA);5438;7;
Assen;G0106;10522;ChristenUnie;3273;4;
Assen;G0106;10522;D66;2854;3;
Assen;G0106;10522;VVD;2641;3;
Assen;G0106;10522;Stadspartij PLOP;2211;2;
Assen;G0106;10522;PVV (Partij voor de Vrijheid);2001;2;
Assen;G0106;10522;CDA;1988;2;
Assen;G0106;10522;Forum voor Democratie;1833;2;
Assen;G0106;10522;SP (Socialistische Partij);1461;1;
Assen;G0106;10522;Leefbaar Assen;1226;1;
Assen;G0106;10522;50PLUS;1112;1;
Assen;G0106;10522;Belang Van Nederland (BVNL);140;;
Asten;G0743;10478;CDA;2844;6;
Asten;G0743;10478;Algemeen Belang;1694;4;
Asten;G0743;10478;Samen voor Asten;1645;4;
Asten;G0743;10478;PGA;1050;2;
Asten;G0743;10478;VVD;692;1;
Baarle-Nassau;G0744;10060;Fractie Ulicoten;1162;5;
Baarle-Nassau;G0744;10060;CDA;761;3;
Baarle-Nassau;G0744;10060;VPB;675;3;
Baarle-Nassau;G0744;10060;BAARLE!;604;2;
Baarn;G0308;11411;VVD;2828;5;
Baarn;G0308;11411;VoorBaarn;1925;4;
Baarn;G0308;11411;GROENLINKS;1877;3;
Baarn;G0308;11411;D66;1726;3;
Baarn;G0308;11411;50PLUS;1321;2;
Baarn;G0308;11411;CDA;1314;2;
Baarn;G0308;11411;Partij van de Arbeid (PvdA);1047;2;
Baarn;G0308;11411;ChristenUnie;476;;
Barendrecht;G0489;10943;EVB (Echt voor Barendrecht);9297;14;
Barendrecht;G0489;10943;Barendrechts Belang;2545;3;
Barendrecht;G0489;10943;GROENLINKS / Partij van de Arbeid (PvdA);2167;3;
Barendrecht;G0489;10943;SGP-ChristenUnie;2154;3;
Barendrecht;G0489;10943;CDA;1931;2;
Barendrecht;G0489;10943;VVD;1762;2;
Barendrecht;G0489;10943;D66;1247;1;
Barendrecht;G0489;10943;Blanco (lijst 8);977;1;
Barneveld;G0203;10906;Staatkundig Gereformeerde Partij (SGP);9987;11;
Barneveld;G0203;10906;Lokaal Belang;5952;6;
Barneveld;G0203;10906;CDA;4813;5;
Barneveld;G0203;10906;ChristenUnie;3423;3;
Barneveld;G0203;10906;Pro'98 (Pro Barneveld, PvdA, D66);3049;3;
Barneveld;G0203;10906;VVD;2808;3;
Barneveld;G0203;10906;BBB;2323;2;
Beek;G0888;11374;CDA;2413;6;
Beek;G0888;11374;Progressief Beek;1554;4;
Beek;G0888;11374;Beek Lokaal;1371;3;
Beek;G0888;11374;Belang van Beek;1276;3;
Beek;G0888;11374;VVD;545;1;
Beekdaelen;G1954;10104;Vernieuwingsgroep;4850;8;
Beekdaelen;G1954;10104;CDA;2788;4;
Beekdaelen;G1954;10104;VVD;2508;4;
Beekdaelen;G1954;10104;Beekdaelen Lokaal;2351;4;
Beekdaelen;G1954;10104;GROENLINKS / Partij van de Arbeid (PvdA);1885;3;
Beekdaelen;G1954;10104;BBB;822;1;
Beekdaelen;G1954;10104;D66;631;1;
Beesel;G0889;10195;Samen Verder Beesel;1838;5;
Beesel;G0889;10195;CDA;1656;5;
Beesel;G0889;10195;V.L.P.;1124;3;
Beesel;G0889;10195;Beeselse Lijst;695;2;
Berg en Dal;G1945;10616;LOKAAL!;4479;7;
Berg en Dal;G1945;10616;GROENLINKS / Partij van de Arbeid (PvdA);3646;6;
Berg en Dal;G1945;10616;Kernachtig Groesbeek;3517;5;
Berg en Dal;G1945;10616;CDA;2189;3;
Berg en Dal;G1945;10616;D66;1824;2;
Berg en Dal;G1945;10616;VVD;1347;2;
Bergeijk;G1724;11160;CDA;3846;7;
Bergeijk;G1724;11160;Lokale Partij Bergeijk;3034;5;
Bergeijk;G1724;11160;GROENLINKS / Partij van de Arbeid (PvdA);1463;3;
Bergeijk;G1724;11160;VVD;1123;2;
Bergen;G0373;11424;ONS DORP;5012;7;
Bergen;G0373;11424;KIES Lokaal;3013;4;
Bergen;G0373;11424;GROENLINKS / Partij van de Arbeid (PvdA);2969;4;
Bergen;G0373;11424;D66;1934;2;
Bergen;G0373;11424;VVD;1550;2;
Bergen;G0373;11424;CDA;1530;2;
Bergen;G0893;11281;KERN;1829;5;
Bergen;G0893;11281;CDA;1283;4;
Bergen;G0893;11281;Progressieve Kombinatie Bergen (L);904;2;
Bergen;G0893;11281;Dorpsbelangen Bergen (Limburg);749;2;
Bergen;G0893;11281;VVD;629;2;
Bergen op Zoom;G0748;11037;GBWP;5314;8;
Bergen op Zoom;G0748;11037;VVD;3848;5;
Bergen op Zoom;G0748;11037;GROENLINKS / Partij van de Arbeid (PvdA);3710;5;
Bergen op Zoom;G0748;11037;D66;2239;3;
Bergen op Zoom;G0748;11037;PVV (Partij voor de Vrijheid);2239;3;
Bergen op Zoom;G0748;11037;CDA;2085;3;
Bergen op Zoom;G0748;11037;Lokaal Realisme;1886;2;
Bergen op Zoom;G0748;11037;Belang van Bergen op Zoom (BVB);1860;2;
Bergen op Zoom;G0748;11037;Bergs Collectief;1702;2;
Bergen op Zoom;G0748;11037;SAMEN0164;1093;1;
Bergen op Zoom;G0748;11037;Bergse Sociaal Democraten;885;1;
Bergen op Zoom;G0748;11037;SP (Socialistische Partij);609;;
Bergen op Zoom;G0748;11037;Lijst Linssen;269;;
Berkelland;G1859;10436;CDA;6207;8;
Berkelland;G1859;10436;SVB (Samen Voor Berkelland);4611;5;
Berkelland;G1859;10436;GROENLINKS /Partij van de Arbeid (PvdA);3809;4;
Berkelland;G1859;10436;Samen D'ran;3666;4;
Berkelland;G1859;10436;VVD;2587;3;
Berkelland;G1859;10436;BBB;2532;3;
Bernheze;G1721;10149;CDA;5027;9;
Bernheze;G1721;10149;Lokaal;3250;6;
Bernheze;G1721;10149;Progressief Bernheze;2110;3;
Bernheze;G1721;10149;Centrumrechts Bernheze;1944;3;
Bernheze;G1721;10149;SP (Socialistische Partij);1078;1;
Bernheze;G1721;10149;ONS Bernheze;678;1;
Best;G0753;10442;Best-Anders voor en door Bestenaren;4056;8;
Best;G0753;10442;VVD;1950;4;
Best;G0753;10442;D66;1898;3;
Best;G0753;10442;GROENLINKS / Partij van de Arbeid (PvdA);1496;3;
Best;G0753;10442;CDA;1365;2;
Best;G0753;10442;Best Open;1196;2;
Best;G0753;10442;Jongerenpartij JO;908;1;
Best;G0753;10442;ChristenUnie;418;;
Beuningen;G0209;10417;Beuningen Nu & Morgen;3223;7;
Beuningen;G0209;10417;VVD;2727;5;
Beuningen;G0209;10417;CDA;1855;4;
Beuningen;G0209;10417;GROENLINKS/Partij van de Arbeid (PvdA);1535;3;
Beuningen;G0209;10417;D66;898;1;
Beuningen;G0209;10417;VIER Beuningen;887;1;
Beuningen;G0209;10417;SP (Socialistische Partij);441;;
Beverwijk;G0375;10272;Samen Lokaal Beverwijk (SLB);3705;7;
Beverwijk;G0375;10272;VRIJ !;2667;5;
Beverwijk;G0375;10272;GROENLINKS / Partij van de Arbeid (PvdA);1936;3;
Beverwijk;G0375;10272;Forum voor Democratie;1864;3;
Beverwijk;G0375;10272;VVD;1747;3;
Beverwijk;G0375;10272;D66;1737;3;
Beverwijk;G0375;10272;CDA;901;1;
Beverwijk;G0375;10272;DENK;687;1;
Beverwijk;G0375;10272;Ons Beverwijk;519;1;
Beverwijk;G0375;10272;Belang Van Nederland (BVNL);355;;
Beverwijk;G0375;10272;GROENSTAAL!;281;;
Bladel;G1728;11006;Bladel Transparant;2756;6;
Bladel;G1728;11006;CDA;2626;6;
Bladel;G1728;11006;VHP (Vrije Hapertse Partij);1298;3;
Bladel;G1728;11006;PRO5;1283;2;
Bladel;G1728;11006;VVD;902;2;
Bladel;G1728;11006;D66;355;;
Blaricum;G0376;10493;Hart voor Blaricum;1175;3;
Blaricum;G0376;10493;VVD;1130;3;
Blaricum;G0376;10493;De Blaricumse Partij;826;3;
Blaricum;G0376;10493;D66;781;2;
Blaricum;G0376;10493;Het Geluid van Blaricum;780;2;
Blaricum;G0376;10493;CDA;434;1;
Blaricum;G0376;10493;GroenLinks/PvdA;390;1;
Bloemendaal;G0377;10850;VVD;2612;4;
Bloemendaal;G0377;10850;D66;2601;4;
Bloemendaal;G0377;10850;GROENLINKS - Partij van de Arbeid (PvdA);2447;4;
Bloemendaal;G0377;10850;Hart voor Bloemendaal;2097;3;
Bloemendaal;G0377;10850;CDA;1067;2;
Bloemendaal;G0377;10850;Zelfstandig Bloemendaal;849;1;
Bloemendaal;G0377;10850;Liberaal Bloemendaal;580;1;
Bloemendaal;G0377;10850;SP (Socialistische Partij);403;;
Bodegraven-Reeuwijk;G1901;11091;CDA;3449;5;
Bodegraven-Reeuwijk;G1901;11091;Lokaal Liberaal Bodegraven-Reeuwijk;3068;5;
Bodegraven-Reeuwijk;G1901;11091;VVD;2975;5;
Bodegraven-Reeuwijk;G1901;11091;Staatkundig Gereformeerde Partij (SGP);2263;3;
Bodegraven-Reeuwijk;G1901;11091;GROENLINKS / Partij van de Arbeid (PvdA);1688;2;
Bodegraven-Reeuwijk;G1901;11091;Burgerbelangen Bodegraven Reeuwijk;1520;2;
Bodegraven-Reeuwijk;G1901;11091;D66;1390;2;
Bodegraven-Reeuwijk;G1901;11091;ChristenUnie;1123;1;
Boekel;G0755;10432;CDA;2177;6;
Boekel;G0755;10432;DOP;1599;4;
Boekel;G0755;10432;Gemeenschapsbelang Venhorst-Boekel;1334;4;
Boekel;G0755;10432;VVD;523;1;
Borger-Odoorn;G1681;10448;Gemeentebelangen Borger-Odoorn;3398;6;
Borger-Odoorn;G1681;10448;GROENLINKS / Partij van de Arbeid (PvdA);2097;4;
Borger-Odoorn;G1681;10448;CDA;1708;3;
Borger-Odoorn;G1681;10448;VVD;1566;3;
Borger-Odoorn;G1681;10448;PVV (Partij voor de Vrijheid);1464;3;
Borger-Odoorn;G1681;10448;Leefbaar Borger-Odoorn;767;1;
Borger-Odoorn;G1681;10448;Lokale Kracht;738;1;
Borne;G0147;10326;BorneNu;2424;5;
Borne;G0147;10326;GB'90;2273;4;
Borne;G0147;10326;CDA;2026;4;
Borne;G0147;10326;VVD;1850;3;
Borne;G0147;10326;GROENLINKS / Partij van de Arbeid (PvdA);1360;2;
Borne;G0147;10326;D66;801;1;
Borne;G0147;10326;SP (Socialistische Partij);278;;
Borsele;G0654;10043;Lokale Partij Borsele;3648;7;
Borsele;G0654;10043;SGP-ChristenUnie;2807;5;
Borsele;G0654;10043;CDA;2228;4;
Borsele;G0654;10043;Partij van de Arbeid (PvdA) / GROENLINKS;1224;2;
Borsele;G0654;10043;VVD;572;1;
Borsele;G0654;10043;D66;471;;
Borsele;G0654;10043;SP (Socialistische Partij);246;;
Boxtel;G0757;10083;Combinatie95;3392;5;
Boxtel;G0757;10083;BALANS;3237;5;
Boxtel;G0757;10083;D66;1986;3;
Boxtel;G0757;10083;VVD;1958;3;
Boxtel;G0757;10083;PvdA-GROENLINKS;1957;3;
Boxtel;G0757;10083;CDA;1292;2;
Boxtel;G0757;10083;Forum voor Democratie;1206;2;
Breda;G0758;10154;VVD;16183;9;
Breda;G0758;10154;GROENLINKS / Partij van de Arbeid (PvdA);13997;8;
Breda;G0758;10154;D66;11230;6;
Breda;G0758;10154;CDA;10345;6;
Breda;G0758;10154;Breda Beslist;9636;5;
Breda;G0758;10154;Forum voor Democratie;4833;2;
Breda;G0758;10154;Partij voor de Dieren;2753;1;
Breda;G0758;10154;SP (Socialistische Partij);2731;1;
Breda;G0758;10154;Lijst Pim Fortuyn Breda (LPF);2387;1;
Breda;G0758;10154;50PLUS;1491;;
Breda;G0758;10154;Volt;1297;;
Breda;G0758;10154;Gemeente Toezicht;127;;
Bronckhorst;G1876;11159;Gemeentebelangen Bronckhorst (GBB);6680;10;
Bronckhorst;G1876;11159;CDA;3321;4;
Bronckhorst;G1876;11159;GROENLINKS / Partij van de Arbeid (PvdA);2527;3;
Bronckhorst;G1876;11159;VVD;2376;3;
Bronckhorst;G1876;11159;Lokaal Bronckhorst;1363;2;
Bronckhorst;G1876;11159;D66;1331;2;
Bronckhorst;G1876;11159;Belang Van Nederland (BVNL);1248;1;
Bronckhorst;G1876;11159;ChristenUnie-SGP;489;;
Brummen;G0213;10798;VVD;3221;7;
Brummen;G0213;10798;GROENLINKS;1620;3;
Brummen;G0213;10798;CDA;1563;3;
Brummen;G0213;10798;Lokaal Belang;1437;3;
Brummen;G0213;10798;Partij van de Arbeid (PvdA);1003;2;
Brummen;G0213;10798;D66;882;1;
Brunssum;G0899;10533;VVD;2554;6;
Brunssum;G0899;10533;Lijst Borger;1991;5;
Brunssum;G0899;10533;Lijst Brunssum Lokaal;1978;4;
Brunssum;G0899;10533;Burger Belangen Brunssum Lijst Palmen;1184;2;
Brunssum;G0899;10533;Pak (Progressief Akkoord Brunssum);1068;2;
Brunssum;G0899;10533;Partij van de Arbeid (PvdA);802;2;
Brunssum;G0899;10533;CDA;388;;
Brunssum;G0899;10533;SP (Socialistische Partij);289;;
Bunnik;G0312;10820;Perspectief 21;2949;6;
Bunnik;G0312;10820;CDA;2151;4;
Bunnik;G0312;10820;VVD;1907;4;
Bunnik;G0312;10820;D66;1784;3;
Bunschoten;G0313;11343;ChristenUnie;2871;5;
Bunschoten;G0313;11343;CAP de Dorpspartij;2185;4;
Bunschoten;G0313;11343;CDA;2015;4;
Bunschoten;G0313;11343;Staatkundig Gereformeerde Partij (SGP);1880;3;
Bunschoten;G0313;11343;VVD;1450;3;
Buren;G0214;11286;Gemeentebelangen;4288;8;
Buren;G0214;11286;Protestants Christelijke Groepering;1842;3;
Buren;G0214;11286;VVD;1789;3;
Buren;G0214;11286;BBB;1377;2;
Buren;G0214;11286;D66;1355;2;
Buren;G0214;11286;Partij van de Arbeid (PvdA) / GROENLINKS;1225;2;
Buren;G0214;11286;CDA;837;1;
Buren;G0214;11286;Partij voor de Dieren;504;;
Capelle aan den IJssel;G0502;11248;Leefbaar Capelle;9595;15;
Capelle aan den IJssel;G0502;11248;GROENLINKS/Partij van de Arbeid (PvdA);3526;5;
Capelle aan den IJssel;G0502;11248;D66;2425;3;
Capelle aan den IJssel;G0502;11248;Staatkundig Gereformeerde Partij (SGP);1988;3;
Capelle aan den IJssel;G0502;11248;VVD;1904;2;
Capelle aan den IJssel;G0502;11248;Echt voor Capelle;1650;2;
Capelle aan den IJssel;G0502;11248;CDA;1301;2;
Capelle aan den IJssel;G0502;11248;ChristenUnie;975;1;
Capelle aan den IJssel;G0502;11248;Wij Kleurrijk Capelle;597;;
Capelle aan den IJssel;G0502;11248;SP (Socialistische Partij);515;;
Castricum;G0383;11287;Lokaal Vitaal;5024;7;
Castricum;G0383;11287;GROENLINKS/Partij van de Arbeid (PvdA);3377;4;
Castricum;G0383;11287;VVD;3040;4;
Castricum;G0383;11287;D66;2318;3;
Castricum;G0383;11287;Forza! Castricum;2316;3;
Castricum;G0383;11287;CDA;1810;2;
Castricum;G0383;11287;De VrijeLijst;1330;1;
Castricum;G0383;11287;Partij voor de Dieren;971;1;
Coevorden;G0109;10383;Belangen Buitengebied Coevorden;5732;10;
Coevorden;G0109;10383;CDA;2890;5;
Coevorden;G0109;10383;VVD;2660;5;
Coevorden;G0109;10383;Partij van de Arbeid (PvdA);2031;3;
Coevorden;G0109;10383;PAC;1501;2;
Cranendonck;G1706;10219;ELAN;2325;5;
Cranendonck;G1706;10219;Cranendonck Actief!;1605;4;
Cranendonck;G1706;10219;CDA;1574;4;
Cranendonck;G1706;10219;VVD;1464;3;
Cranendonck;G1706;10219;Pro6;1047;2;
Cranendonck;G1706;10219;Cranendoncks Belang '24;610;1;
Culemborg;G0216;10342;GROENLINKS / Partij van de Arbeid (PvdA);4031;7;
Culemborg;G0216;10342;VVD;2983;5;
Culemborg;G0216;10342;Culemborg van Nu;2532;5;
Culemborg;G0216;10342;D66;1323;2;
Culemborg;G0216;10342;CDA;1023;2;
Culemborg;G0216;10342;ChristenUnie;850;1;
Culemborg;G0216;10342;Partij voor de Dieren;772;1;
Culemborg;G0216;10342;SP (Socialistische Partij);365;;
Culemborg;G0216;10342;CulemborgsBelang;265;;
Dalfsen;G0148;11007;Gemeentebelangen Dalfsen;5926;10;
Dalfsen;G0148;11007;CDA;3817;6;
Dalfsen;G0148;11007;ChristenUnie;1716;2;
Dalfsen;G0148;11007;GROENLINKS/Partij van de Arbeid (PvdA);1455;2;
Dalfsen;G0148;11007;Stand Organisatie Dalfsen;1091;1;
Dalfsen;G0148;11007;VVD;950;1;
Dalfsen;G0148;11007;D66;760;1;
Dantumadiel;G1891;10650;Gemeentebelangen Dantumadiel;2136;4;
Dantumadiel;G1891;10650;Sociaal Links;1930;4;
Dantumadiel;G1891;10650;CDA;1813;3;
Dantumadiel;G1891;10650;ChristenUnie;982;2;
Dantumadiel;G1891;10650;BBB;860;2;
Dantumadiel;G1891;10650;Staatkundig Gereformeerde Partij (SGP);723;1;
Dantumadiel;G1891;10650;FNP;645;1;
De Bilt;G0310;10168;GROENLINKS / Partij van de Arbeid;5279;7;
De Bilt;G0310;10168;VVD;4024;5;
De Bilt;G0310;10168;D66;3355;4;
De Bilt;G0310;10168;Forza De Bilt;2492;3;
De Bilt;G0310;10168;CDA;2241;3;
De Bilt;G0310;10168;Staatkundig Gereformeerde Partij (SGP);1731;2;
De Bilt;G0310;10168;Lokaal De Bilt;1327;1;
De Bilt;G0310;10168;Volt;1206;1;
De Bilt;G0310;10168;SP (Socialistische Partij);966;1;
De Bilt;G0310;10168;ChristenUnie;540;;
De Bilt;G0310;10168;Fracti3;254;;
De Fryske Marren;G1940;10022;Fryske Nasjonale Partij;5125;7;
De Fryske Marren;G1940;10022;CDA;5123;7;
De Fryske Marren;G1940;10022;GROENLINKS / Partij van de Arbeid (PvdA);3380;4;
De Fryske Marren;G1940;10022;Forum voor Democratie;2968;4;
De Fryske Marren;G1940;10022;VVD;2127;2;
De Fryske Marren;G1940;10022;D66;1661;2;
De Fryske Marren;G1940;10022;Kleurrijk Fryske Marren (KFM);1260;1;
De Fryske Marren;G1940;10022;Ondernemende Friezen;1177;1;
De Fryske Marren;G1940;10022;BBB;931;1;
De Fryske Marren;G1940;10022;ChristenUnie;923;1;
De Fryske Marren;G1940;10022;Burgerpartij De Fryske Marren;748;1;
De Ronde Venen;G0736;11379;VVD;4773;7;
De Ronde Venen;G0736;11379;Ronde Venen Belang;3875;5;
De Ronde Venen;G0736;11379;D66;2968;4;
De Ronde Venen;G0736;11379;CDA;2754;4;
De Ronde Venen;G0736;11379;GROENLINKS/PvdA;2680;4;
De Ronde Venen;G0736;11379;Lokaal en Fair;1853;2;
De Ronde Venen;G0736;11379;ChristenUnie-SGP;1156;1;
De Ronde Venen;G0736;11379;50PLUS;1110;1;
De Ronde Venen;G0736;11379;Seniorenpartij De Ronde Venen;923;1;
De Wolden;G1690;10262;Gemeentebelangen De Wolden;5467;9;
De Wolden;G1690;10262;VVD;2363;3;
De Wolden;G1690;10262;CDA;2157;3;
De Wolden;G1690;10262;GROENLINKS / Partij van de Arbeid (PvdA);1930;3;
De Wolden;G1690;10262;D66;909;1;
Delft;G0503;10928;GROENLINKS / Partij van de Arbeid (PvdA);9551;9;
Delft;G0503;10928;D66;8036;7;
Delft;G0503;10928;STIP;6630;6;
Delft;G0503;10928;Hart voor Delft;6201;5;
Delft;G0503;10928;VVD;3349;3;
Delft;G0503;10928;CDA;2177;2;
Delft;G0503;10928;Onafhankelijk Delft;1957;1;
Delft;G0503;10928;Partij voor de Dieren;1807;1;
Delft;G0503;10928;Volt;1642;1;
Delft;G0503;10928;Forum voor Democratie;1609;1;
Delft;G0503;10928;ChristenUnie;1599;1;
Delft;G0503;10928;SP (Socialistische Partij);1504;1;
Delft;G0503;10928;PVV (Partij voor de Vrijheid);1434;1;
Den Helder;G0400;10285;BEHOORLIJK BESTUUR;2943;5;
Den Helder;G0400;10285;CDA;2350;4;
Den Helder;G0400;10285;VVD;2130;4;
Den Helder;G0400;10285;Forum voor Democratie;1587;3;
Den Helder;G0400;10285;Stadspartij Den Helder;1383;2;
Den Helder;G0400;10285;Beter voor Den Helder;1361;2;
Den Helder;G0400;10285;D66;1268;2;
Den Helder;G0400;10285;FRACTIE PASTOOR;1016;1;
Den Helder;G0400;10285;GROENLINKS;936;1;
Den Helder;G0400;10285;Partij van de Arbeid (PvdA);881;1;
Den Helder;G0400;10285;ChristenUnie;855;1;
Den Helder;G0400;10285;PVV (Partij voor de Vrijheid);854;1;
Den Helder;G0400;10285;50PLUS;658;1;
Den Helder;G0400;10285;Samen Actief Den Helder;636;1;
Den Helder;G0400;10285;SP (Socialistische Partij);602;1;
Den Helder;G0400;10285;Senioren Partij Den Helder;583;1;
Den Helder;G0400;10285;Piratenpartij;66;;
Deurne;G0762;10379;Transparant Deurne;2880;5;
Deurne;G0762;10379;DeurneNU;2775;5;
Deurne;G0762;10379;DOE!;2035;3;
Deurne;G0762;10379;Progressief Akkoord-GROENLINKS-PvdA;1672;3;
Deurne;G0762;10379;VVD;1660;2;
Deurne;G0762;10379;Onafhankelijke Groep Deurne;1602;2;
Deurne;G0762;10379;CDA;1336;2;
Deurne;G0762;10379;50PLUS;563;1;
Deventer;G0150;10899;GROENLINKS / Partij van de Arbeid (PvdA);9510;9;
Deventer;G0150;10899;Gemeentebelang;7851;7;
Deventer;G0150;10899;Deventer Belang;6211;5;
Deventer;G0150;10899;D66;5274;5;
Deventer;G0150;10899;VVD;5143;4;
Deventer;G0150;10899;CDA;3360;3;
Deventer;G0150;10899;Partij voor de Dieren;2076;2;
Deventer;G0150;10899;DENK;1379;1;
Deventer;G0150;10899;ChristenUnie;1353;1;
Deventer;G0150;10899;Volt;1292;1;
Deventer;G0150;10899;Deventer Sociaal;1145;1;
Deventer;G0150;10899;Socialistische Partij;1012;;
Deventer;G0150;10899;Staatkundig Gereformeerde Partij (SGP);359;;
Diemen;G0384;11039;GROENLINKS/PvdA;3869;8;
Diemen;G0384;11039;D66;2209;5;
Diemen;G0384;11039;Onafhankelijk Diemen;1691;3;
Diemen;G0384;11039;VVD;1522;3;
Diemen;G0384;11039;Ons Diemen;1306;2;
Diemen;G0384;11039;Ouderenpartij Diemen;951;2;
Dijk en Waard;G1980;;Lokaal Dijk en Waard;6841;7;
Dijk en Waard;G1980;;VVD;4513;5;
Dijk en Waard;G1980;;Dijk& Waardse Onafhankelijke Partij;4093;4;
Dijk en Waard;G1980;;GROENLINKS / Partij van de Arbeid (PvdA);3854;4;
Dijk en Waard;G1980;;Forum voor Democratie;3377;3;
Dijk en Waard;G1980;;Senioren Dijk en Waard;3328;3;
Dijk en Waard;G1980;;D66;3036;3;
Dijk en Waard;G1980;;BETER VOOR DIJK EN WAARD;2918;3;
Dijk en Waard;G1980;;CDA;2053;2;
Dijk en Waard;G1980;;50PLUS;1783;2;
Dijk en Waard;G1980;;ChristenUnie;1134;1;
Dijk en Waard;G1980;;Belang Van Nederland (BVNL);218;;
Dinkelland;G1774;10245;Lokaal Dinkelland;4746;8;
Dinkelland;G1774;10245;CDA-Dinkelland;4043;6;
Dinkelland;G1774;10245;VVD;2846;4;
Dinkelland;G1774;10245;BBB;1261;2;
Dinkelland;G1774;10245;GROENLINKS / Partij van der Arbeid (PvdA);977;1;
Doesburg;G0221;10327;Stadspartij Doesburg;2018;6;
Doesburg;G0221;10327;GROENLINKS / Partij van de Arbeid (PvdA);898;3;
Doesburg;G0221;10327;VVD;820;2;
Doesburg;G0221;10327;D66;585;2;
Doesburg;G0221;10327;SP (Socialistische Partij);541;1;
Doesburg;G0221;10327;CDA;469;1;
Doetinchem;G0222;10396;GBD (GemeenteBelangen Doetinchem);4746;6;
Doetinchem;G0222;10396;GROENLINKS / Partij van de Arbeid (P.v.d.A.);4322;6;
Doetinchem;G0222;10396;CDA;3693;5;
Doetinchem;G0222;10396;Forum voor Democratie;3216;4;
Doetinchem;G0222;10396;VVD;2971;4;
Doetinchem;G0222;10396;D66;2651;3;
Doetinchem;G0222;10396;Partij voor Lokaal Maatwerk (PvLM);1589;2;
Doetinchem;G0222;10396;Lokaal Belang Doetinchem;1351;1;
Doetinchem;G0222;10396;ChristenUnie-SGP;912;1;
Doetinchem;G0222;10396;BBB;727;1;
Doetinchem;G0222;10396;Volt;610;;
Dongen;G0766;11412;Volkspartij Dongen;4102;9;
Dongen;G0766;11412;CDA;2587;5;
Dongen;G0766;11412;D66;2120;4;
Dongen;G0766;11412;VVD;1410;3;
Dordrecht;G0505;11157;GROENLINKS / Partij van de Arbeid (PvdA);6870;6;
Dordrecht;G0505;11157;VVD;6351;6;
Dordrecht;G0505;11157;VSP Dordrecht;5721;5;
Dordrecht;G0505;11157;BETER VOOR DORDT;4887;4;
Dordrecht;G0505;11157;ChristenUnie-SGP;4181;4;
Dordrecht;G0505;11157;D66;3694;3;
Dordrecht;G0505;11157;CDA (Christen Democratisch Appel);3350;3;
Dordrecht;G0505;11157;Forum voor Democratie;2757;2;
Dordrecht;G0505;11157;Partij voor de Dieren;2077;2;
Dordrecht;G0505;11157;PVV (Partij voor de Vrijheid);1734;1;
Dordrecht;G0505;11157;DENK;1546;1;
Dordrecht;G0505;11157;Op Ons Eiland;1459;1;
Dordrecht;G0505;11157;SP (Socialistische Partij);1427;1;
Dordrecht;G0505;11157;Gewoon Dordt;746;;
Dordrecht;G0505;11157;GRiP op Dordt;302;;
Dordrecht;G0505;11157;Partij voor de Rechtsstaat;122;;
Drechterland;G0498;10642;CDA;2550;5;
Drechterland;G0498;10642;Senioren Partij Drechterland;1809;4;
Drechterland;G0498;10642;VVD;1768;4;
Drechterland;G0498;10642;Gemeentebelangen Drechterland;1698;3;
Drechterland;G0498;10642;Progressief Drechterland (PDL);1686;3;
Drimmelen;G1719;10258;VVD;2969;5;
Drimmelen;G1719;10258;Combinatie Algemeen Belang;2843;5;
Drimmelen;G1719;10258;LIJST HARRY BAKKER;2040;4;
Drimmelen;G1719;10258;Groen Drimmelen (VP/D66);1695;3;
Drimmelen;G1719;10258;CDA;1394;2;
Drimmelen;G1719;10258;GROENLINKS / Partij van de Arbeid (PvdA);809;1;
Drimmelen;G1719;10258;Blanco (lijst 8);679;1;
Drimmelen;G1719;10258;SAMEN Drimmelen;356;;
Dronten;G0303;10210;VVD;4957;9;
Dronten;G0303;10210;Leefbaar Dronten;3544;6;
Dronten;G0303;10210;CDA;3225;5;
Dronten;G0303;10210;D66;1847;3;
Dronten;G0303;10210;GROENLINKS/Partij van de Arbeid (PvdA);1677;3;
Dronten;G0303;10210;ChristenUnie;1571;2;
Dronten;G0303;10210;Dronten Sociaal;1088;1;
Druten;G0225;10068;Kernachtig Druten;3263;6;
Druten;G0225;10068;Dorpslijst Puiflijk/Druten-Zuid;1449;3;
Druten;G0225;10068;Welzijn Druten;1418;3;
Druten;G0225;10068;Dorpslijst Afferden;996;2;
Druten;G0225;10068;GROENLINKS / Partij van de Arbeid (PvdA);853;2;
Druten;G0225;10068;Dorpslijst Horssen;824;1;
Duiven;G0226;11028;DOED;2443;5;
Duiven;G0226;11028;Lokaal Alternatief;2168;4;
Duiven;G0226;11028;VVD;1959;4;
Duiven;G0226;11028;GROENLINKS / Partij van de Arbeid (PvdA);1665;3;
Duiven;G0226;11028;D66;783;1;
Duiven;G0226;11028;BurgerBelangen;739;1;
Duiven;G0226;11028;CHRISTEN DEMOCRATISCH APPEL;732;1;
Duiven;G0226;11028;Pro Duiven;274;;
Echt-Susteren;G1711;10941;Partij Nieuw Echt-Susteren;4802;8;
Echt-Susteren;G1711;10941;Lijst Samenwerking;4098;6;
Echt-Susteren;G1711;10941;CDA;3590;6;
Echt-Susteren;G1711;10941;Democraten Echt-Susteren;1345;2;
Echt-Susteren;G1711;10941;GROENLINKS / Partij van de Arbeid (PvdA);1114;1;
Edam-Volendam;G0385;10884;ONS Belang;3320;5;
Edam-Volendam;G0385;10884;Volendam '80;3308;5;
Edam-Volendam;G0385;10884;Zeevangs Belang;2325;3;
Edam-Volendam;G0385;10884;GROENLINKS / Partij van de Arbeid (PvdA);2153;3;
Edam-Volendam;G0385;10884;VVD;1589;2;
Edam-Volendam;G0385;10884;Forum voor Democratie;1301;2;
Edam-Volendam;G0385;10884;Lokaal Edam-Volendam;1271;2;
Edam-Volendam;G0385;10884;CDA;1113;1;
Edam-Volendam;G0385;10884;BVNL;1104;1;
Edam-Volendam;G0385;10884;D66;695;1;
Edam-Volendam;G0385;10884;Luister25;524;;
Ede;G0228;10743;Staatkundig Gereformeerde Partij (SGP);11927;9;
Ede;G0228;10743;GemeenteBelangen Ede;8198;6;
Ede;G0228;10743;GROENLINKS / Partij van de Arbeid (PvdA);6462;4;
Ede;G0228;10743;ChristenUnie;6361;4;
Ede;G0228;10743;D66;5855;4;
Ede;G0228;10743;CDA;5556;4;
Ede;G0228;10743;VVD;4707;3;
Ede;G0228;10743;Forum voor Democratie;4041;3;
Ede;G0228;10743;BurgerBelangen;2145;1;
Ede;G0228;10743;Partij voor de Dieren;1329;1;
Ede;G0228;10743;Mens en Milieu Ede;1070;;
Ede;G0228;10743;SP (Socialistische Partij);842;;
Ede;G0228;10743;Democratische Partij Ede;753;;
Ede;G0228;10743;BBB;536;;
Ede;G0228;10743;Belang Van Nederland (BVNL);107;;
Eemnes;G0317;10248;Dorpsbelang;1940;6;
Eemnes;G0317;10248;CDA;1178;4;
Eemnes;G0317;10248;VVD;826;2;
Eemnes;G0317;10248;GroenLinks-PvdA;712;2;
Eemnes;G0317;10248;D66;448;1;
Eemsdelta;G1979;10976;Lokaal Belang Eemsdelta;5954;11;
Eemsdelta;G1979;10976;GROENLINKS / Partij van de Arbeid (PvdA);2151;3;
Eemsdelta;G1979;10976;VVD;1944;3;
Eemsdelta;G1979;10976;CDA;1796;3;
Eemsdelta;G1979;10976;SP (Socialistische Partij);1564;2;
Eemsdelta;G1979;10976;Eerlijk Democratisch Eemsdelta (EDE);1476;2;
Eemsdelta;G1979;10976;ChristenUnie;1376;2;
Eemsdelta;G1979;10976;Volt;590;1;
Eemsdelta;G1979;10976;Seniorenpartij Eemsdelta;487;;
Eemsdelta;G1979;10976;DURF;318;;
Eersel;G0770;10741;CDA;3117;7;
Eersel;G0770;10741;Eersel Samen Anders;2453;5;
Eersel;G0770;10741;VVD;1523;3;
Eersel;G0770;10741;Eersel Voor Morgen;1327;2;
Eersel;G0770;10741;GROENLINKS / Partij van de Arbeid (PvdA);1042;2;
Eijsden-Margraten;G1903;11243;Eijsden Margraten Lokaal (EML);4107;7;
Eijsden-Margraten;G1903;11243;CDA;3164;5;
Eijsden-Margraten;G1903;11243;PRO / PvdA / GROENLINKS;2049;3;
Eijsden-Margraten;G1903;11243;ODE Open Democratisch Eerlijk;1827;3;
Eijsden-Margraten;G1903;11243;VVD;1478;2;
Eijsden-Margraten;G1903;11243;50PLUS;663;1;
Eindhoven;G0772;11298;GROENLINKS / Partij van de Arbeid (PvdA);20958;13;
Eindhoven;G0772;11298;CDA;15609;9;
Eindhoven;G0772;11298;D66;11400;7;
Eindhoven;G0772;11298;VVD;7222;4;
Eindhoven;G0772;11298;Forum voor Democratie;6268;4;
Eindhoven;G0772;11298;50PLUS;5731;3;
Eindhoven;G0772;11298;SP (Socialistische Partij);2966;1;
Eindhoven;G0772;11298;Partij voor de Dieren;2568;1;
Eindhoven;G0772;11298;Eindhoven Voor Elkaar (EVE);2195;1;
Eindhoven;G0772;11298;Volt;2096;1;
Eindhoven;G0772;11298;Ouderen Appèl Eindhoven;1580;1;
Eindhoven;G0772;11298;PRO Eindhoven;1476;;
Eindhoven;G0772;11298;DENK;1429;;
Eindhoven;G0772;11298;Lijst Pim Fortuyn Eindhoven;1291;;
Eindhoven;G0772;11298;ChristenUnie;964;;
Eindhoven;G0772;11298;Blanco (lijst 14);404;;
Eindhoven;G0772;11298;Nieuw Sociaal Contract (NSC);281;;
Elburg;G0230;11113;Algemeen Belang;3380;6;
Elburg;G0230;11113;Liberaal Elburgs Verbond (LEV);3327;5;
Elburg;G0230;11113;Staatkundig Gereformeerde Partij (SGP);1889;3;
Elburg;G0230;11113;ChristenUnie;1654;2;
Elburg;G0230;11113;CDA;1211;2;
Elburg;G0230;11113;GROENLINKS / Partij van de Arbeid (PvdA);1017;1;
Emmen;G0114;11180;Wakker Emmen;13914;14;
Emmen;G0114;11180;CDA;4763;4;
Emmen;G0114;11180;Partij van de Arbeid (PvdA);4390;4;
Emmen;G0114;11180;Forum voor Democratie;4258;4;
Emmen;G0114;11180;VVD;2818;2;
Emmen;G0114;11180;PVV (Partij voor de Vrijheid);2340;2;
Emmen;G0114;11180;D66;2299;2;
Emmen;G0114;11180;VEILIG EMMEN;2034;2;
Emmen;G0114;11180;50PLUS;1983;1;
Emmen;G0114;11180;ChristenUnie;1508;1;
Emmen;G0114;11180;Hart voor Emmen;1380;1;
Emmen;G0114;11180;GROENLINKS;1375;1;
Emmen;G0114;11180;SP (Socialistische Partij);1228;1;
Enkhuizen;G0388;10729;CDA;1196;3;
Enkhuizen;G0388;10729;Enkhuizen Vooruit!;1138;2;
Enkhuizen;G0388;10729;SP (Socialistische Partij);1074;2;
Enkhuizen;G0388;10729;Het Enkhuizer Alternatief;827;2;
Enkhuizen;G0388;10729;GROENLINKS / Partij van de Arbeid (PvdA);800;2;
Enkhuizen;G0388;10729;VVD;734;2;
Enkhuizen;G0388;10729;D66;714;2;
Enkhuizen;G0388;10729;Staatkundig Gereformeerde Partij (SGP);413;1;
Enkhuizen;G0388;10729;Piratenpartij;384;1;
Enschede;G0153;10364;GROENLINKS / Partij van de Arbeid (PvdA);11707;8;
Enschede;G0153;10364;Burgerbelangen Enschede (BBE);10572;8;
Enschede;G0153;10364;VVD;6494;4;
Enschede;G0153;10364;D66;5644;4;
Enschede;G0153;10364;CDA;5325;4;
Enschede;G0153;10364;PVV (Partij voor de Vrijheid);4378;3;
Enschede;G0153;10364;Forum voor Democratie;4169;3;
Enschede;G0153;10364;ChristenUnie;2568;1;
Enschede;G0153;10364;SP (Socialistische Partij);1802;1;
Enschede;G0153;10364;Belang van Enschede;1744;1;
Enschede;G0153;10364;Volt;1515;1;
Enschede;G0153;10364;Partij voor de Dieren;1424;1;
Enschede;G0153;10364;DENK;1224;;
Enschede;G0153;10364;EnschedeAnders.nl;853;;
Enschede;G0153;10364;Partij voor Enschede;780;;
Enschede;G0153;10364;Blanco (lijst 17);360;;
Enschede;G0153;10364;Partij voor de Rechtsstaat;220;;
Epe;G0232;10940;Forum voor Democratie;2607;4;
Epe;G0232;10940;Nieuwe Lijn;2326;3;
Epe;G0232;10940;CDA;2245;3;
Epe;G0232;10940;VVD;2197;3;
Epe;G0232;10940;SGP-ChristenUnie;1831;3;
Epe;G0232;10940;D66;1745;2;
Epe;G0232;10940;GROENLINKS / Partij van de Arbeid (PvdA);1513;2;
Epe;G0232;10940;Hart voor Lokaal;1309;2;
Epe;G0232;10940;Gemeentebelangen Epe;963;1;
Ermelo;G0233;10732;CDA;3190;5;
Ermelo;G0233;10732;één-Ermelo;2980;5;
Ermelo;G0233;10732;Progressief Ermelo;2518;4;
Ermelo;G0233;10732;Staatkundig Gereformeerde Partij (SGP);1932;3;
Ermelo;G0233;10732;ChristenUnie;1672;2;
Ermelo;G0233;10732;VVD;1407;2;
Ermelo;G0233;10732;Heerlijk, Eerlijk Ermelo 22 (HEE22);345;;
Etten-Leur;G0777;10750;APB;3413;6;
Etten-Leur;G0777;10750;CDA;2636;4;
Etten-Leur;G0777;10750;JA21;2421;4;
Etten-Leur;G0777;10750;Ons Etten-Leur;2269;4;
Etten-Leur;G0777;10750;Leefbaar Etten-Leur;2055;3;
Etten-Leur;G0777;10750;D66;1774;3;
Etten-Leur;G0777;10750;GROENLINKS / Partij van de Arbeid (PvdA);1648;3;
Etten-Leur;G0777;10750;VVD;1536;2;
Geertruidenberg;G0779;10101;GemeenteBelangenGeertruidenberg;2776;6;
Geertruidenberg;G0779;10101;Lokaal+;1718;4;
Geertruidenberg;G0779;10101;Keerpunt '74;1196;3;
Geertruidenberg;G0779;10101;VVD;1131;2;
Geertruidenberg;G0779;10101;Morgen!;1033;2;
Geertruidenberg;G0779;10101;CDA;467;1;
Geertruidenberg;G0779;10101;Sociale Volkspartij Geertruidenberg;445;1;
Geldrop-Mierlo;G1771;10529;GROENLINKS / Partij van de Arbeid (PvdA);3097;5;
Geldrop-Mierlo;G1771;10529;DGG (Democratische Groepering Geldrop);2883;5;
Geldrop-Mierlo;G1771;10529;Dorpspartij Mierlo (DPM);2756;5;
Geldrop-Mierlo;G1771;10529;CDA;2385;4;
Geldrop-Mierlo;G1771;10529;SAMEN;1609;3;
Geldrop-Mierlo;G1771;10529;Wij zijn Geldrop-Mierlo | VVD;1567;3;
Geldrop-Mierlo;G1771;10529;D66;1308;2;
Gemert-Bakel;G1652;10277;CDA;4810;9;
Gemert-Bakel;G1652;10277;Dorpspartij;2266;4;
Gemert-Bakel;G1652;10277;Politiek op Inhoud;1564;3;
Gemert-Bakel;G1652;10277;Sociaal Gemert-Bakel / GROENLINKS / PvdA;1553;3;
Gemert-Bakel;G1652;10277;VVD;1222;2;
Gemert-Bakel;G1652;10277;D66;1092;2;
Gennep;G0907;10542;CDA;2390;5;
Gennep;G0907;10542;VVD;1997;5;
Gennep;G0907;10542;D66;1326;3;
Gennep;G0907;10542;GROENLINKS / Partij van de Arbeid (PvdA);885;2;
Gennep;G0907;10542;Eerlijk Lokaal sociaal samen sterk;603;1;
Gennep;G0907;10542;SP (Socialistische partij);447;1;
Gilze en Rijen;G0784;11375;Kern'75;3240;7;
Gilze en Rijen;G0784;11375;Groen Gilze en Rijen;2299;4;
Gilze en Rijen;G0784;11375;GROENLINKS/Partij van de Arbeid (PvdA);1174;2;
Gilze en Rijen;G0784;11375;Gemeentebelang;1121;2;
Gilze en Rijen;G0784;11375;D66;1035;2;
Gilze en Rijen;G0784;11375;VVD;1024;2;
Gilze en Rijen;G0784;11375;CDA;958;2;
Gilze en Rijen;G0784;11375;Partij voor de Dieren;365;;
Goeree-Overflakkee;G1924;11067;Trots Op Goeree-Overflakkee;8002;10;
Goeree-Overflakkee;G1924;11067;Staatkundig Gereformeerde Partij (SGP);5561;6;
Goeree-Overflakkee;G1924;11067;CDA;5394;6;
Goeree-Overflakkee;G1924;11067;GROENLINKS / Partij van de Arbeid (PvdA);1887;2;
Goeree-Overflakkee;G1924;11067;GAAN;1843;2;
Goeree-Overflakkee;G1924;11067;VVD;1797;2;
Goeree-Overflakkee;G1924;11067;ChristenUnie;1792;2;
Goeree-Overflakkee;G1924;11067;D66;1064;1;
Goeree-Overflakkee;G1924;11067;50PLUS;752;;
Goes;G0664;10674;Nieuw Goes (NG);3168;5;
Goes;G0664;10674;GROENLINKS / Partij van de Arbeid (PvdA);2819;5;
Goes;G0664;10674;CDA;2776;4;
Goes;G0664;10674;SGP-ChristenUnie;2559;4;
Goes;G0664;10674;VVD;2424;4;
Goes;G0664;10674;Partij voor Goes;1673;2;
Goes;G0664;10674;D66;1600;2;
Goes;G0664;10674;Belang Van Nederland (BVNL);761;1;
Goirle;G0785;10971;Gezond Verstand Goirle Riel;3989;8;
Goirle;G0785;10971;Lijst Riel Goirle (LRG);1644;3;
Goirle;G0785;10971;GROENLINKS / Partij van de Arbeid (PvdA);1573;3;
Goirle;G0785;10971;VVD;1372;2;
Goirle;G0785;10971;Pro Actief Goirle;966;1;
Goirle;G0785;10971;CDA;860;1;
Goirle;G0785;10971;D66;799;1;
Gooise Meren;G1942;10281;D66;6136;8;
Gooise Meren;G1942;10281;VVD;5437;7;
Gooise Meren;G1942;10281;Goois Democratisch Platform (GDP);4682;6;
Gooise Meren;G1942;10281;GROENLINKS / Partij van de Arbeid (PvdA);4521;5;
Gooise Meren;G1942;10281;Hart voor Gooise Meren;3145;4;
Gooise Meren;G1942;10281;CDA;2195;2;
Gooise Meren;G1942;10281;Partij voor Leefomgeving En Klimaat;1388;1;
Gooise Meren;G1942;10281;Blanco (lijst 7);302;;
Gorinchem;G0512;10942;DemocratenGorinchem;3800;7;
Gorinchem;G0512;10942;Stadsbelang;2016;4;
Gorinchem;G0512;10942;VVD;1674;3;
Gorinchem;G0512;10942;GROENLINKS / Partij van de Arbeid (PvdA);1579;3;
Gorinchem;G0512;10942;D66;1455;2;
Gorinchem;G0512;10942;ChristenUnie-SGP;1385;2;
Gorinchem;G0512;10942;CDA;1066;2;
Gorinchem;G0512;10942;SP (Socialistische Partij);790;1;
Gorinchem;G0512;10942;Gorcum Actief;668;1;
Gouda;G0513;10302;GROENLINKS / Partij van de Arbeid (PvdA);6289;7;
Gouda;G0513;10302;Leefbaar Gouda;4468;5;
Gouda;G0513;10302;D66;3536;4;
Gouda;G0513;10302;ChristenUnie;3082;3;
Gouda;G0513;10302;JA21;2792;3;
Gouda;G0513;10302;CDA;2265;2;
Gouda;G0513;10302;Staatkundig Gereformeerde Partij (SGP);2207;2;
Gouda;G0513;10302;VVD;2162;2;
Gouda;G0513;10302;Gouda Positief;1902;2;
Gouda;G0513;10302;Gouda Vitaal;1742;2;
Gouda;G0513;10302;Gemeentebelangen Gouda;1479;1;
Gouda;G0513;10302;Partij voor de Dieren;1239;1;
Gouda;G0513;10302;SP (Socialistische partij);816;1;
Gouda;G0513;10302;Volt;665;;
Groningen;G0014;10426;GROENLINKS / Partij van de Arbeid (PvdA);28823;13;
Groningen;G0014;10426;D66;14242;6;
Groningen;G0014;10426;VVD;10290;4;
Groningen;G0014;10426;Partij voor de Dieren;9338;4;
Groningen;G0014;10426;Student en Stad;8693;3;
Groningen;G0014;10426;CDA;8050;3;
Groningen;G0014;10426;Stadspartij 100% voor Groningen;8031;3;
Groningen;G0014;10426;SP (Socialistische Partij);7444;3;
Groningen;G0014;10426;ChristenUnie;4432;2;
Groningen;G0014;10426;Forum voor Democratie;4282;1;
Groningen;G0014;10426;Partij voor het Noorden;3875;1;
Groningen;G0014;10426;PVV (Partij voor de Vrijheid);3634;1;
Groningen;G0014;10426;Volt;3035;1;
Groningen;G0014;10426;BBB;675;;
Groningen;G0014;10426;DURF;499;;
Gulpen-Wittem;G1729;11032;PRO Gulpen-Wittem;2040;4;
Gulpen-Wittem;G1729;11032;Fractie Franssen;1632;3;
Gulpen-Wittem;G1729;11032;GWL, Gulpen-Wittem Lokaal;1483;3;
Gulpen-Wittem;G1729;11032;DOE'22;1228;3;
Gulpen-Wittem;G1729;11032;VVD;939;2;
Haaksbergen;G0158;11435;Nieuw Haaksbergen;2947;5;
Haaksbergen;G0158;11435;CDA;2649;5;
Haaksbergen;G0158;11435;TeamDAP (Dé Actieve Partij Haaksbergen);2370;4;
Haaksbergen;G0158;11435;VVD;1469;2;
Haaksbergen;G0158;11435;GROENLINKS / Partij van de Arbeid (PvdA);1130;2;
Haaksbergen;G0158;11435;D66;873;1;
Haarlem;G0392;10357;GROENLINKS / Partij van de Arbeid (PvdA);17861;11;
Haarlem;G0392;10357;D66;13679;8;
Haarlem;G0392;10357;VVD;7651;4;
Haarlem;G0392;10357;Forum voor Democratie;4852;3;
Haarlem;G0392;10357;SP (Socialistische Partij);3829;2;
Haarlem;G0392;10357;Partij voor de Dieren;3822;2;
Haarlem;G0392;10357;CDA;3701;2;
Haarlem;G0392;10357;Jouw Haarlem;3335;2;
Haarlem;G0392;10357;TROTS Haarlem (Man Hapt Mug);3002;1;
Haarlem;G0392;10357;Hart voor Haarlem;2231;1;
Haarlem;G0392;10357;OPHaarlem;2220;1;
Haarlem;G0392;10357;Volt;1727;1;
Haarlem;G0392;10357;Actiepartij;1611;1;
Haarlem;G0392;10357;DENK;1560;;
Haarlem;G0392;10357;ChristenUnie;1245;;
Haarlem;G0392;10357;Belang Van Nederland (BVNL);1148;;
Haarlem;G0392;10357;Piratenpartij;202;;
Haarlemmermeer;G0394;11387;VVD;11311;8;
Haarlemmermeer;G0394;11387;GROENLINKS / Partij van de Arbeid (PvdA);8182;5;
Haarlemmermeer;G0394;11387;D66;7826;5;
Haarlemmermeer;G0394;11387;Forum voor Democratie;5873;4;
Haarlemmermeer;G0394;11387;CDA;5629;4;
Haarlemmermeer;G0394;11387;Forza! Haarlemmermeer;4109;3;
Haarlemmermeer;G0394;11387;Haarlemmermeerse Actieve Politiek (HAP);3726;2;
Haarlemmermeer;G0394;11387;50PLUS;3574;2;
Haarlemmermeer;G0394;11387;PVV (Partij voor de Vrijheid);2609;1;
Haarlemmermeer;G0394;11387;EEN Haarlemmermeer;2365;1;
Haarlemmermeer;G0394;11387;Sociaal Rechts Haarlemmermeer;2273;1;
Haarlemmermeer;G0394;11387;Hart van Haarlemmermeer;2168;1;
Haarlemmermeer;G0394;11387;ChristenUnie-SGP;2034;1;
Haarlemmermeer;G0394;11387;DENK;1556;1;
Haarlemmermeer;G0394;11387;Belang Van Nederland (BVNL);1004;;
Haarlemmermeer;G0394;11387;Partij voor de Rechtsstaat;114;;
Halderberge;G1655;10397;VVD;4012;8;
Halderberge;G1655;10397;Lokaal Halderberge;2826;6;
Halderberge;G1655;10397;WOS Halderberge;2043;4;
Halderberge;G1655;10397;Forum voor Democratie;1286;2;
Halderberge;G1655;10397;D66;905;1;
Halderberge;G1655;10397;CDA;879;1;
Halderberge;G1655;10397;GROENLINKS/ Partij van de Arbeid (PvdA);691;1;
Hardenberg;G0160;10174;DOEN'22;8710;10;
Hardenberg;G0160;10174;CDA;6021;7;
Hardenberg;G0160;10174;ChristenUnie;3982;4;
Hardenberg;G0160;10174;Forum voor Democratie;3532;4;
Hardenberg;G0160;10174;VVD;3134;3;
Hardenberg;G0160;10174;GROENLINKS / Partij van de Arbeid (PvdA);2233;2;
Hardenberg;G0160;10174;OpKoers.nu;2101;2;
Hardenberg;G0160;10174;Staatkundig Gereformeerde Partij (SGP);957;1;
Hardenberg;G0160;10174;D66;732;;
Hardenberg;G0160;10174;Partij Vrij 29;564;;
Hardenberg;G0160;10174;Samen Gemeente Hardenberg (SGH);207;;
Harderwijk;G0243;10786;GEMEENTEBELANG HARDERWIJK/HIERDEN;6110;9;
Harderwijk;G0243;10786;ChristenUnie;3387;5;
Harderwijk;G0243;10786;VVD;2821;4;
Harderwijk;G0243;10786;GROENLINKS / Partij van de Arbeid (PvdA);2699;4;
Harderwijk;G0243;10786;Harderwijk Anders;2696;3;
Harderwijk;G0243;10786;D66;2582;3;
Harderwijk;G0243;10786;CDA;2432;3;
Hardinxveld-Giessendam;G0523;10167;T@B;3385;6;
Hardinxveld-Giessendam;G0523;10167;Staatkundig Gereformeerde Partij (SGP);2769;5;
Hardinxveld-Giessendam;G0523;10167;ChristenUnie;1694;3;
Hardinxveld-Giessendam;G0523;10167;CDA;994;2;
Hardinxveld-Giessendam;G0523;10167;GROENLINKS / Partij van de Arbeid (PvdA);729;1;
Harlingen;G0072;10909;CDA;1744;4;
Harlingen;G0072;10909;PvdA-GroenLinks;1343;4;
Harlingen;G0072;10909;Harlinger Belang;1029;3;
Harlingen;G0072;10909;VVD;900;2;
Harlingen;G0072;10909;WAD'N PARTIJ Harlingen;655;2;
Harlingen;G0072;10909;HOOP;533;1;
Harlingen;G0072;10909;D66;448;1;
Harlingen;G0072;10909;ChristenUnie;217;;
Hattem;G0244;10673;HattemCentraal;1461;3;
Hattem;G0244;10673;ChristenUnie;1317;3;
Hattem;G0244;10673;Algemeen Belang;935;2;
Hattem;G0244;10673;GROENLINKS / Partij van de Arbeid (PvdA);912;2;
Hattem;G0244;10673;CDA;828;2;
Hattem;G0244;10673;VVD;766;2;
Hattem;G0244;10673;D66;641;1;
Heemskerk;G0396;10679;Heemskerk Lokaal;3832;6;
Heemskerk;G0396;10679;Hart voor Heemskerk;3646;5;
Heemskerk;G0396;10679;Forum voor Democratie;2667;4;
Heemskerk;G0396;10679;GROENLINKS / Partij van de Arbeid (PvdA);2443;3;
Heemskerk;G0396;10679;VVD;2133;3;
Heemskerk;G0396;10679;D66;1720;2;
Heemskerk;G0396;10679;CDA;1319;2;
Heemstede;G0397;11288;D66;3363;5;
Heemstede;G0397;11288;VVD;3280;5;
Heemstede;G0397;11288;GROENLINKS / Partij van de Arbeid (PvdA);2819;4;
Heemstede;G0397;11288;Heemsteeds Burger Belang;2335;4;
Heemstede;G0397;11288;CDA;1648;2;
Heemstede;G0397;11288;SamenSterkHeemstede;842;1;
Heerde;G0246;10291;Gemeentebelang-Boeren Partij (GBP);3831;6;
Heerde;G0246;10291;CDA;1911;3;
Heerde;G0246;10291;ChristenUnie-SGP;1695;3;
Heerde;G0246;10291;GROENLINKS / Partij van de Arbeid (PvdA);980;2;
Heerde;G0246;10291;VVD;918;2;
Heerde;G0246;10291;D66;655;1;
Heerenveen;G0074;10680;Heerenveen Lokaal;4343;6;
Heerenveen;G0074;10680;GROENLINKS / Partij van de Arbeid (PvdA);4210;5;
Heerenveen;G0074;10680;CDA;2818;4;
Heerenveen;G0074;10680;D66;2476;3;
Heerenveen;G0074;10680;FNP;2466;3;
Heerenveen;G0074;10680;Forum voor Democratie;2238;3;
Heerenveen;G0074;10680;VVD;2138;3;
Heerenveen;G0074;10680;Frisse Wind 21;1496;2;
Heerenveen;G0074;10680;ChristenUnie;879;1;
Heerenveen;G0074;10680;SP (Socialistische Partij);723;1;
Heerlen;G0917;10902;Ouderen Partij Heerlen (OPH);6199;8;
Heerlen;G0917;10902;CDA;5163;6;
Heerlen;G0917;10902;SP (Socialistische Partij);3620;4;
Heerlen;G0917;10902;Jongerenpartij Heerlen;3020;4;
Heerlen;G0917;10902;GROENLINKS / Partij van de Arbeid (PvdA);2843;3;
Heerlen;G0917;10902;Forum voor Democratie;2538;3;
Heerlen;G0917;10902;PVV (Partij voor de Vrijheid);1742;2;
Heerlen;G0917;10902;D66;1712;2;
Heerlen;G0917;10902;Partij Hoensbroeks Belang;1511;2;
Heerlen;G0917;10902;Hart Leers;1207;1;
Heerlen;G0917;10902;VVD;1031;1;
Heerlen;G0917;10902;Partij voor de Dieren;864;1;
Heerlen;G0917;10902;Democratisch Burger Belang;321;;
Heeze-Leende;G1658;10462;Algemeen belang Heeze-Leende (AbHL);1956;4;
Heeze-Leende;G1658;10462;PRO Heeze-Leende (PRO);1619;4;
Heeze-Leende;G1658;10462;VVD;1484;3;
Heeze-Leende;G1658;10462;CDA;1114;2;
Heeze-Leende;G1658;10462;LOKAAL HEEZE-LEENDE;1110;2;
Heeze-Leende;G1658;10462;Partij voor Oud en Jong;845;2;
Heiloo;G0399;10793;Heiloo-2000;2791;5;
Heiloo;G0399;10793;GROENLINKS/Partij van de Arbeid (PvdA);2758;4;
Heiloo;G0399;10793;D66;2036;3;
Heiloo;G0399;10793;VVD;1997;3;
Heiloo;G0399;10793;CDA;1650;2;
Heiloo;G0399;10793;Gemeentebelangen Heiloo;1512;2;
Hellendoorn;G0163;10806;Lokaal Hellendoorn;4543;8;
Hellendoorn;G0163;10806;CDA;3928;6;
Hellendoorn;G0163;10806;Samen Hellendoorn;2687;4;
Hellendoorn;G0163;10806;VVD;1656;2;
Hellendoorn;G0163;10806;GROENLINKS;1065;1;
Hellendoorn;G0163;10806;Noaberschap Partij;1025;1;
Hellendoorn;G0163;10806;D66;883;1;
Hellendoorn;G0163;10806;ChristenUnie;794;1;
Hellendoorn;G0163;10806;Partij van de Arbeid (PvdA);691;1;
Hellendoorn;G0163;10806;SP (Socialistische Partij);316;;
Helmond;G0794;10932;Helder Helmond;6553;8;
Helmond;G0794;10932;GROENLINKS / Partij van de Arbeid (PvdA);4730;6;
Helmond;G0794;10932;VVD;4511;5;
Helmond;G0794;10932;Forum voor Democratie;3920;5;
Helmond;G0794;10932;D66;3385;4;
Helmond;G0794;10932;50PLUS;2194;2;
Helmond;G0794;10932;CDA;1866;2;
Helmond;G0794;10932;Lokaal sterk;1751;2;
Helmond;G0794;10932;DENK;1003;1;
Helmond;G0794;10932;SP (Socialistische Partij);912;1;
Helmond;G0794;10932;MÌ HELLEMONDERS;869;1;
Helmond;G0794;10932;Samen 0492;514;;
Helmond;G0794;10932;Blanco (lijst 13);338;;
Hendrik-Ido-Ambacht;G0531;10416;Realistisch Ambacht;4411;7;
Hendrik-Ido-Ambacht;G0531;10416;SGP-ChristenUnie;3864;7;
Hendrik-Ido-Ambacht;G0531;10416;Gemeente Belangen;2176;3;
Hendrik-Ido-Ambacht;G0531;10416;CDA;1484;2;
Hendrik-Ido-Ambacht;G0531;10416;VVD;1239;2;
Hendrik-Ido-Ambacht;G0531;10416;GROENLINKS / Partij van de Arbeid (PvdA);1096;1;
Hendrik-Ido-Ambacht;G0531;10416;D66;847;1;
Hendrik-Ido-Ambacht;G0531;10416;Echt Voor Ambacht;224;;
Hengelo;G0164;10907;Burger Belangen;5883;7;
Hengelo;G0164;10907;GROENLINKS / Partij van de Arbeid (PvdA);4369;5;
Hengelo;G0164;10907;VVD;4124;5;
Hengelo;G0164;10907;CDA;3525;4;
Hengelo;G0164;10907;D66;2793;3;
Hengelo;G0164;10907;SP (Socialistische Partij);2508;3;
Hengelo;G0164;10907;ANDERS!;2404;3;
Hengelo;G0164;10907;Forum voor Democratie;2313;3;
Hengelo;G0164;10907;PVV (Partij voor de Vrijheid);1295;1;
Hengelo;G0164;10907;Hengelose Burgers (VPOR);1220;1;
Hengelo;G0164;10907;Pro Hengelo;1210;1;
Hengelo;G0164;10907;50PLUS;1100;1;
Hengelo;G0164;10907;ChristenUnie;764;;
Hengelo;G0164;10907;Volt;560;;
Het Hogeland;G1966;10246;GROENLINKS / Partij van de Arbeid (PvdA);5037;7;
Het Hogeland;G1966;10246;GemeenteBelangen Het Hogeland;4878;6;
Het Hogeland;G1966;10246;CDA;3344;4;
Het Hogeland;G1966;10246;ChristenUnie;2228;3;
Het Hogeland;G1966;10246;VVD;2147;3;
Het Hogeland;G1966;10246;Lokaal Sociaal;1957;2;
Het Hogeland;G1966;10246;BBB;1938;2;
Het Hogeland;G1966;10246;D66;1443;2;
Heumen;G0252;10600;GROENLINKS / Partij van de Arbeid (PvdA);2184;4;
Heumen;G0252;10600;VVD;1665;3;
Heumen;G0252;10600;Democraten Gemeente Heumen;1535;3;
Heumen;G0252;10600;De Kiezersclub;1418;3;
Heumen;G0252;10600;CDA;1058;2;
Heumen;G0252;10600;D66;948;2;
Heusden;G0797;10307;DMP Heusden;5618;9;
Heusden;G0797;10307;Gemeentebelangen;3193;5;
Heusden;G0797;10307;Heusden Transparant Verbindt;2795;4;
Heusden;G0797;10307;GROENLINKS / Partij van de Arbeid (PvdA);1840;3;
Heusden;G0797;10307;CDA;1774;3;
Heusden;G0797;10307;VVD;1421;2;
Heusden;G0797;10307;Heusden één;1279;2;
Heusden;G0797;10307;D66;1162;1;
Hillegom;G0534;11236;BEVOLKINGSBELANGEN HILLEGOM (BBH);3765;8;
Hillegom;G0534;11236;D66;1711;3;
Hillegom;G0534;11236;Hart voor Hillegom;1203;2;
Hillegom;G0534;11236;Bloeiend Hillegom;1093;2;
Hillegom;G0534;11236;GROENLINKS / Partij van de Arbeid (PvdA);947;2;
Hillegom;G0534;11236;VVD;878;1;
Hillegom;G0534;11236;CDA;853;1;
Hilvarenbeek;G0798;11297;VVD;4033;8;
Hilvarenbeek;G0798;11297;HOI Werkt;3573;7;
Hilvarenbeek;G0798;11297;CDA;1112;2;
Hoeksche Waard;G1963;10222;CDA;7222;7;
Hoeksche Waard;G1963;10222;Lokalen Hoeksche Waard;6604;6;
Hoeksche Waard;G1963;10222;Staatkundig Gereformeerde Partij (SGP);5874;5;
Hoeksche Waard;G1963;10222;GROENLINKS/Partij van de Arbeid (PvdA);4206;4;
Hoeksche Waard;G1963;10222;VVD;4164;4;
Hoeksche Waard;G1963;10222;VoorWaards Hoeksche Waard;3095;3;
Hoeksche Waard;G1963;10222;BurgerBelangen Hoeksche Waard;3065;3;
Hoeksche Waard;G1963;10222;D66;2670;2;
Hoeksche Waard;G1963;10222;ChristenUnie;2219;2;
Hoeksche Waard;G1963;10222;Waardig Ouder Worden (WOW) HW;1823;1;
Hof van Twente;G1735;10076;CDA;4654;7;
Hof van Twente;G1735;10076;PvdA / GROENLINKS / In Beweging;3094;4;
Hof van Twente;G1735;10076;Forum voor Democratie;2600;3;
Hof van Twente;G1735;10076;BBB;2276;3;
Hof van Twente;G1735;10076;VVD;2201;3;
Hof van Twente;G1735;10076;Gemeente Belangen;2164;3;
Hof van Twente;G1735;10076;D66;1450;2;
Hollands Kroon;G1911;10344;Onafhankelijk Hollands Kroon;3644;5;
Hollands Kroon;G1911;10344;Forum voor Democratie;3502;5;
Hollands Kroon;G1911;10344;CDA;3245;5;
Hollands Kroon;G1911;10344;VVD;2005;3;
Hollands Kroon;G1911;10344;Senioren Hollands Kroon;1723;2;
Hollands Kroon;G1911;10344;GROENLINKS;1387;2;
Hollands Kroon;G1911;10344;Lokaal Democratisch Alternatief;1333;2;
Hollands Kroon;G1911;10344;D66;1270;2;
Hollands Kroon;G1911;10344;Partij van de Arbeid (PvdA);1254;2;
Hollands Kroon;G1911;10344;LEV!Hollandskroon;951;1;
Hoogeveen;G0118;10839;Gemeentebelangen Hoogeveen e.o.;5708;8;
Hoogeveen;G0118;10839;Forum voor Democratie;3954;5;
Hoogeveen;G0118;10839;VVD;3669;5;
Hoogeveen;G0118;10839;CDA;3513;4;
Hoogeveen;G0118;10839;GROENLINKS / Partij van de Arbeid (PvdA);3433;4;
Hoogeveen;G0118;10839;ChristenUnie;1568;2;
Hoogeveen;G0118;10839;Staatkundig Gereformeerde Partij (SGP);865;1;
Hoogeveen;G0118;10839;SP (Socialistische Partij);733;1;
Hoogeveen;G0118;10839;D66;708;1;
Hoorn;G0405;11392;Hart van Hoorn;4252;6;
Hoorn;G0405;11392;GROENLINKS / Partij van de Arbeid (PvdA);4068;6;
Hoorn;G0405;11392;Hoorn Lokaal;3273;4;
Hoorn;G0405;11392;VVD;2594;3;
Hoorn;G0405;11392;D66;2560;3;
Hoorn;G0405;11392;Forum voor Democratie;2331;3;
Hoorn;G0405;11392;CDA;2237;3;
Hoorn;G0405;11392;Sociaal Hoorn/Team Tonnaer;2009;2;
Hoorn;G0405;11392;ÉénHoorn;1191;1;
Hoorn;G0405;11392;Hoorn Centraal voorheen Fractie Tonnaer;1102;1;
Hoorn;G0405;11392;Partij voor de Dieren;949;1;
Hoorn;G0405;11392;Hoornse Ondernemende & Ouderen Partij!;780;1;
Hoorn;G0405;11392;SP (Socialistische Partij);743;1;
Hoorn;G0405;11392;Hoorn Open & Eerlijk (HOE?!);638;;
Hoorn;G0405;11392;ChristenUnie;554;;
Hoorn;G0405;11392;H!B;488;;
Horst aan de Maas;G1507;11108;CDA;4995;7;
Horst aan de Maas;G1507;11108;leef;4673;6;
Horst aan de Maas;G1507;11108;Essentie;4104;5;
Horst aan de Maas;G1507;11108;Belang van Horst aan de Maas;2379;3;
Horst aan de Maas;G1507;11108;VVD;2178;3;
Horst aan de Maas;G1507;11108;Perspectief Horst aan de Maas;1377;2;
Horst aan de Maas;G1507;11108;SP (Socialistische Partij);687;1;
Houten;G0321;10230;Inwonerspartij Toekomst Houten;8127;11;
Houten;G0321;10230;GROENLINKS / Partij van de Arbeid (PvdA);4320;5;
Houten;G0321;10230;D66;2882;3;
Houten;G0321;10230;VVD;2343;3;
Houten;G0321;10230;NatúúrlijkHouten;2185;3;
Houten;G0321;10230;CDA;1847;2;
Houten;G0321;10230;Staatkundig Gereformeerde Partij (SGP);1693;2;
Houten;G0321;10230;ChristenUnie;1121;1;
Houten;G0321;10230;Volt;1003;1;
Houten;G0321;10230;Houten Anders!;642;;
Huizen;G0406;11170;VVD;3494;5;
Huizen;G0406;11170;GROENLINKS/Partij van de Arbeid (PvdA);2462;4;
Huizen;G0406;11170;Leefbaar Huizen;2301;3;
Huizen;G0406;11170;CDA;2150;3;
Huizen;G0406;11170;D66;1982;3;
Huizen;G0406;11170;Forum voor Democratie;1779;3;
Huizen;G0406;11170;PIT Huizen;1264;2;
Huizen;G0406;11170;Gemeente Belangen Huizen;1045;1;
Huizen;G0406;11170;ChristenUnie;1037;1;
Huizen;G0406;11170;Transparant Huizen;696;1;
Huizen;G0406;11170;Staatkundig Gereformeerde Partij (SGP);671;1;
Huizen;G0406;11170;De Toekomst Van Huizen;120;;
Hulst;G0677;11408;Algemeen Belang Groot Hulst;3381;6;
Hulst;G0677;11408;BvO - Bouwen van Onderop;2155;4;
Hulst;G0677;11408;CDA;2088;4;
Hulst;G0677;11408;Groot Hontenisse - Hulst;1272;2;
Hulst;G0677;11408;Partij van de Arbeid / GROENLINKS;1223;2;
Hulst;G0677;11408;VVD;1131;2;
Hulst;G0677;11408;D66;533;1;
Hulst;G0677;11408;SP (Socialistische Partij);390;;
Hulst;G0677;11408;Belang Van Nederland (BVNL);219;;
IJsselstein;G0353;10152;LDIJ (Lokale Democraten IJsselstein);4955;8;
IJsselstein;G0353;10152;VVD;2721;4;
IJsselstein;G0353;10152;GROENLINKS / Partij van de Arbeid (PvdA);2288;4;
IJsselstein;G0353;10152;CDA;2278;4;
IJsselstein;G0353;10152;D66;1373;2;
IJsselstein;G0353;10152;ChristenUnie;779;1;
Kaag en Braassem;G1884;10349;Samen Kaag en Braassem;2914;5;
Kaag en Braassem;G1884;10349;Kern 11;2892;5;
Kaag en Braassem;G1884;10349;PRO Kaag en Braassem;2228;3;
Kaag en Braassem;G1884;10349;D66;2063;3;
Kaag en Braassem;G1884;10349;CDA;1979;3;
Kaag en Braassem;G1884;10349;VVD;1727;2;
Kampen;G0166;10253;ChristenUnie;4617;6;
Kampen;G0166;10253;CDA;4392;5;
Kampen;G0166;10253;Staatkundig Gereformeerde Partij (SGP);4012;5;
Kampen;G0166;10253;Forum voor Democratie;3238;4;
Kampen;G0166;10253;Gemeente Belang Kampen;2828;3;
Kampen;G0166;10253;VVD;2104;2;
Kampen;G0166;10253;GROENLINKS / Partij van de Arbeid (PvdA);2077;2;
Kampen;G0166;10253;D66;1698;2;
Kampen;G0166;10253;Kampen Sociaal;1381;1;
Kampen;G0166;10253;Hart voor Kampen;1221;1;
Kampen;G0166;10253;SP (Socialistische Partij);564;;
Kapelle;G0678;11223;VVD;1707;4;
Kapelle;G0678;11223;Gemeentebelang;1425;3;
Kapelle;G0678;11223;Staatkundig Gereformeerde Partij (SGP);1342;3;
Kapelle;G0678;11223;CDA;1069;2;
Kapelle;G0678;11223;GROENLINKS / Partij van de Arbeid (PvdA);771;2;
Kapelle;G0678;11223;ChristenUnie;384;1;
Kapelle;G0678;11223;D66;273;;
Katwijk;G0537;10707;DURF;6759;7;
Katwijk;G0537;10707;CDA;5917;7;
Katwijk;G0537;10707;Staatkundig Gereformeerde Partij (SGP);5435;6;
Katwijk;G0537;10707;VVD;3508;4;
Katwijk;G0537;10707;Partij van de Arbeid (PvdA);2656;3;
Katwijk;G0537;10707;ChristenUnie;2537;3;
Katwijk;G0537;10707;KiesKatwijk;1391;1;
Katwijk;G0537;10707;GemeenteBelangen;1148;1;
Katwijk;G0537;10707;D66;961;1;
Katwijk;G0537;10707;Samen voor KRV;362;;
Kerkrade;G0928;10313;Burgerbelangen;6970;14;
Kerkrade;G0928;10313;Ouderenpartij Kerkrade;2342;4;
Kerkrade;G0928;10313;ONS KERKRADE;2195;4;
Kerkrade;G0928;10313;Lokaal Alternatief;1336;2;
Kerkrade;G0928;10313;GROENLINKS / Partij van de Arbeid (PvdA);1198;2;
Kerkrade;G0928;10313;CDA;968;1;
Kerkrade;G0928;10313;VVD;757;1;
Kerkrade;G0928;10313;SP (Socialistische Partij);685;1;
Koggenland;G1598;10354;VVD;3282;6;
Koggenland;G1598;10354;Gemeente Belangen Koggenland;2570;4;
Koggenland;G1598;10354;CDA;1948;3;
Koggenland;G1598;10354;Forum voor Democratie;1748;3;
Koggenland;G1598;10354;GROENLINKS / Partij van de Arbeid (PvdA);1227;2;
Koggenland;G1598;10354;D66;691;1;
Krimpen aan den IJssel;G0542;10859;Samen voor Krimpen;3803;6;
Krimpen aan den IJssel;G0542;10859;Staatkundig Gereformeerde Partij (SGP);3523;5;
Krimpen aan den IJssel;G0542;10859;Leefbaar Krimpen;3005;5;
Krimpen aan den IJssel;G0542;10859;CDA;1384;2;
Krimpen aan den IJssel;G0542;10859;Partij van de Arbeid (PvdA) / GROENLINKS;1220;2;
Krimpen aan den IJssel;G0542;10859;VVD;862;1;
Krimpen aan den IJssel;G0542;10859;D66;560;;
Krimpenerwaard;G1931;10050;Leefbaar Krimpenerwaard;5927;7;
Krimpenerwaard;G1931;10050;Staatkundig Gereformeerde Partij (SGP);4578;5;
Krimpenerwaard;G1931;10050;Gemeente Belang Krimpenerwaard;3006;3;
Krimpenerwaard;G1931;10050;Pro Krimpenerwaard;2906;3;
Krimpenerwaard;G1931;10050;CDA;2851;3;
Krimpenerwaard;G1931;10050;Forum voor Democratie;2504;3;
Krimpenerwaard;G1931;10050;VVD;2380;3;
Krimpenerwaard;G1931;10050;GROENLINKS/Partij van de Arbeid (PvdA);2206;2;
Krimpenerwaard;G1931;10050;ChristenUnie;1280;1;
Krimpenerwaard;G1931;10050;D66;1191;1;
Laarbeek;G1659;10173;PNL (Partij Nieuw Laarbeek);3677;7;
Laarbeek;G1659;10173;Algemeen Belang Laarbeek;1897;4;
Laarbeek;G1659;10173;CDA;1126;2;
Laarbeek;G1659;10173;Ouderen appèl - hart voor Laarbeek;1045;2;
Laarbeek;G1659;10173;De Werkgroep;1037;2;
Laarbeek;G1659;10173;GROENLINKS / Partij van de Arbeid (PvdA);948;2;
Land van Cuijk;G1982;;CDA;11253;10;
Land van Cuijk;G1982;;Team Lokaal;10403;10;
Land van Cuijk;G1982;;Liberaal LVC;5794;5;
Land van Cuijk;G1982;;Forum voor Democratie;4903;4;
Land van Cuijk;G1982;;GROENLINKS/Partij van de Arbeid (PvdA);3982;3;
Land van Cuijk;G1982;;VVD;3037;2;
Land van Cuijk;G1982;;D66;2749;2;
Land van Cuijk;G1982;;SP (Socialistische Partij);1380;1;
Land van Cuijk;G1982;;50PLUS;968;;
Land van Cuijk;G1982;;Lijst Bart Theunissen;476;;
Landgraaf;G0882;11335;CDA;2676;5;
Landgraaf;G0882;11335;GBBL Ubach over Worms;2296;4;
Landgraaf;G0882;11335;Ouderen Partij Landgraaf / EenLandgraaf;2131;4;
Landgraaf;G0882;11335;PVV (Partij voor de Vrijheid);1966;3;
Landgraaf;G0882;11335;GBBL Schaesberg;1620;3;
Landgraaf;G0882;11335;GBBL Nieuwenhagen;1372;2;
Landgraaf;G0882;11335;GROENLINKS / Partij van de Arbeid (PvdA);1057;2;
Landgraaf;G0882;11335;VVD;946;1;
Landgraaf;G0882;11335;SP (Socialistische Partij);650;1;
Landgraaf;G0882;11335;Partij voor de Rechtsstaat;92;;
Landsmeer;G0415;11225;Lokaal Landsmeer;1646;5;
Landsmeer;G0415;11225;GROENLINKS / Partij van de Arbeid (PvdA);1194;3;
Landsmeer;G0415;11225;VVD;873;2;
Landsmeer;G0415;11225;D66;822;2;
Landsmeer;G0415;11225;DorpsBelang;563;2;
Landsmeer;G0415;11225;CDA;369;1;
Landsmeer;G0415;11225;SP (Socialistische Partij);234;;
Landsmeer;G0415;11225;Positief Landsmeer;75;;
Lansingerland;G1621;10139;Leefbaar 3B;10039;12;
Lansingerland;G1621;10139;CDA;5688;7;
Lansingerland;G1621;10139;VVD;3909;4;
Lansingerland;G1621;10139;WIJ Lansingerland;3471;4;
Lansingerland;G1621;10139;D66;2675;3;
Lansingerland;G1621;10139;GROENLINKS / Partij van de Arbeid (PvdA);2222;2;
Lansingerland;G1621;10139;ChristenUnie;1405;1;
Lansingerland;G1621;10139;Volt;632;;
Laren;G0417;10649;VVD;1896;5;
Laren;G0417;10649;Larens Behoud;1556;4;
Laren;G0417;10649;D66;657;2;
Laren;G0417;10649;Groen Laren;646;2;
Laren;G0417;10649;Liberaal Laren;555;1;
Laren;G0417;10649;CDA;444;1;
Leeuwarden;G0080;11228;GROENLINKS / Partij van de Arbeid (PvdA);12030;9;
Leeuwarden;G0080;11228;D66;6337;5;
Leeuwarden;G0080;11228;VVD;5610;4;
Leeuwarden;G0080;11228;CDA;5228;4;
Leeuwarden;G0080;11228;GB058;4932;4;
Leeuwarden;G0080;11228;FNP;4890;4;
Leeuwarden;G0080;11228;Forum voor Democratie;4415;3;
Leeuwarden;G0080;11228;JA21;2595;2;
Leeuwarden;G0080;11228;Partij voor de Dieren;2304;1;
Leeuwarden;G0080;11228;ChristenUnie;2238;1;
Leeuwarden;G0080;11228;SP (Socialistische Partij);1819;1;
Leeuwarden;G0080;11228;SL!M;1393;1;
Leeuwarden;G0080;11228;BBB;899;;
Leeuwarden;G0080;11228;MERA25;565;;
Leeuwarden;G0080;11228;Blanco (lijst 14);400;;
Leiden;G0546;10702;GROENLINKS / Partij van de Arbeid (PvdA);18376;12;
Leiden;G0546;10702;D66;8990;6;
Leiden;G0546;10702;Partij Sleutelstad: De Leidse Lijst;8764;6;
Leiden;G0546;10702;VVD;5561;3;
Leiden;G0546;10702;Partij voor de Dieren;4371;3;
Leiden;G0546;10702;CDA;3926;2;
Leiden;G0546;10702;Studenten voor Leiden (SVL);3483;2;
Leiden;G0546;10702;Forum voor Democratie;3424;2;
Leiden;G0546;10702;SP (Socialistische Partij);2618;1;
Leiden;G0546;10702;Volt;2091;1;
Leiden;G0546;10702;ChristenUnie;1568;1;
Leiderdorp;G0547;10058;GROENLINKS / Partij van de Arbeid (PvdA);3297;6;
Leiderdorp;G0547;10058;D66;2466;4;
Leiderdorp;G0547;10058;VVD;2334;4;
Leiderdorp;G0547;10058;Lokale Partij Leiderdorp;2205;4;
Leiderdorp;G0547;10058;CDA;1683;3;
Leiderdorp;G0547;10058;ChristenUnie-SGP;480;;
Leidschendam-Voorburg;G1916;11103;VVD;6926;8;
Leidschendam-Voorburg;G1916;11103;D66;5666;7;
Leidschendam-Voorburg;G1916;11103;GROENLINKS / Partij van de Arbeid (PvdA);4622;5;
Leidschendam-Voorburg;G1916;11103;GBLV / Gemeentebelangen;4436;5;
Leidschendam-Voorburg;G1916;11103;CDA;3593;4;
Leidschendam-Voorburg;G1916;11103;Aandacht-LV;2969;3;
Leidschendam-Voorburg;G1916;11103;Partij voor de Dieren;1290;1;
Leidschendam-Voorburg;G1916;11103;Volt;1194;1;
Leidschendam-Voorburg;G1916;11103;SP (Socialistische Partij);1073;1;
Leidschendam-Voorburg;G1916;11103;ChristenUnie;676;;
Lelystad;G0995;11110;JongLelystad;4488;6;
Lelystad;G0995;11110;GROENLINKS / Partij van de Arbeid (PvdA);3003;4;
Lelystad;G0995;11110;PVV (Partij voor de Vrijheid);2842;4;
Lelystad;G0995;11110;Forum voor Democratie;2718;4;
Lelystad;G0995;11110;VVD;2456;3;
Lelystad;G0995;11110;Mooi Lelystad;2349;3;
Lelystad;G0995;11110;D66;2124;3;
Lelystad;G0995;11110;Inwoners Partij Lelystad;1549;2;
Lelystad;G0995;11110;CDA;1520;2;
Lelystad;G0995;11110;ChristenUnie;1502;2;
Lelystad;G0995;11110;Leefbaar Lelystad;1343;2;
Lelystad;G0995;11110;SP (Socialistische Partij);1012;1;
Lelystad;G0995;11110;Partij voor de Dieren;774;1;
Lelystad;G0995;11110;NL Lelystad;190;;
Lelystad;G0995;11110;ELLECT;56;;
Leudal;G1640;10840;Ronduit Open;4960;9;
Leudal;G1640;10840;Samen Verder;3612;6;
Leudal;G1640;10840;CDA;3108;5;
Leudal;G1640;10840;D66;2201;4;
Leudal;G1640;10840;GROENLINKS / Partij van de Arbeid (PvdA);944;1;
Leudal;G1640;10840;Oos Leudal (veur álle 16 dörpe);215;;
Leusden;G0327;10978;Lokaal Belangrijk;4843;7;
Leusden;G0327;10978;D66 & GROENLINKS / PvdA;4402;6;
Leusden;G0327;10978;CDA;2356;3;
Leusden;G0327;10978;Leusden Vooruit;2253;3;
Leusden;G0327;10978;VVD;1896;3;
Leusden;G0327;10978;ChristenUnie-SGP;1137;1;
Lingewaard;G1705;10744;Lingewaard.NU - B06;3669;5;
Lingewaard;G1705;10744;VVD;3449;5;
Lingewaard;G1705;10744;Lokaal Belang Lingewaard;3394;5;
Lingewaard;G1705;10744;GROENLINKS / Partij van de Arbeid (PvdA);3386;5;
Lingewaard;G1705;10744;D66;2573;3;
Lingewaard;G1705;10744;Forum voor Democratie;1810;2;
Lingewaard;G1705;10744;CDA;1641;2;
Lingewaard;G1705;10744;SP (Socialistische Partij);1383;2;
Lingewaard;G1705;10744;Blanco (lijst 9);400;;
Lisse;G0553;10197;Nieuw Lisse;3437;7;
Lisse;G0553;10197;VVD;2154;4;
Lisse;G0553;10197;CDA;1810;3;
Lisse;G0553;10197;GROENLINKS/Partij van de Arbeid (PvdA);1394;2;
Lisse;G0553;10197;D66;1141;2;
Lisse;G0553;10197;Staatkundig Gereformeerde Partij (SGP);825;1;
Lochem;G0262;11263;Gemeentebelangen;5763;8;
Lochem;G0262;11263;GROENLINKS / Partij van de Arbeid (PvdA);3080;4;
Lochem;G0262;11263;VVD;2307;3;
Lochem;G0262;11263;LochemGroen!;2142;3;
Lochem;G0262;11263;CDA;1885;2;
Lochem;G0262;11263;D66;1811;2;
Lochem;G0262;11263;Meedenken met Lochem (MmL);1363;1;
Lochem;G0262;11263;Democratische Partij Lochem (DPL);458;;
Loon op Zand;G0809;11259;Gemeentebelangen;3483;8;
Loon op Zand;G0809;11259;VVD;2164;4;
Loon op Zand;G0809;11259;Pro3;1748;4;
Loon op Zand;G0809;11259;CDA;1148;2;
Loon op Zand;G0809;11259;Toekomstig KLM;737;1;
Lopik;G0331;10333;Hart voor Lopik;1610;4;
Lopik;G0331;10333;ChristenUnie-SGP;1546;3;
Lopik;G0331;10333;VVD;1341;3;
Lopik;G0331;10333;CDA;1302;3;
Lopik;G0331;10333;Lokaal Sociaal '26;1132;2;
Losser;G0168;11166;BURGERFORUM;4115;8;
Losser;G0168;11166;CDA;3792;7;
Losser;G0168;11166;VVD;1340;2;
Losser;G0168;11166;Partij van de Arbeid (PvdA);586;1;
Losser;G0168;11166;D66;477;1;
Losser;G0168;11166;GROENLINKS;448;;
Maasdriel;G0263;10341;Hart voor Maasdriel;3759;7;
Maasdriel;G0263;10341;Samen Sterk Maasdriel;3282;6;
Maasdriel;G0263;10341;VVD;1283;2;
Maasdriel;G0263;10341;GROENLINKS / Partij van de Arbeid (PvdA);1096;2;
Maasdriel;G0263;10341;CDA;953;2;
Maasdriel;G0263;10341;D66;716;1;
Maasdriel;G0263;10341;Staatkundig Gereformeerde Partij (SGP);633;1;
Maasgouw;G1641;10964;Lokaal Belang;4559;9;
Maasgouw;G1641;10964;VVD;2028;4;
Maasgouw;G1641;10964;CDA;1445;3;
Maasgouw;G1641;10964;GROENLINKS / Partij van de Arbeid (PvdA);869;1;
Maasgouw;G1641;10964;D66;608;1;
Maasgouw;G1641;10964;LVM;504;1;
Maashorst;G1991;;KOMPAS maashorst;5071;7;
Maashorst;G1991;;JONG MAASHORST;4465;6;
Maashorst;G1991;;VVD;4429;6;
Maashorst;G1991;;CDA;3476;4;
Maashorst;G1991;;GROENLINKS-Partij van de Arbeid-D66-PRO;2869;4;
Maashorst;G1991;;Forum voor Democratie;2756;3;
Maashorst;G1991;;SP (Socialistische Partij);1452;2;
Maashorst;G1991;;LOKAAL Maashorst;1182;1;
Maashorst;G1991;;BBB;512;;
Maassluis;G0556;10880;Leefbaar Maessluys;6097;11;
Maassluis;G0556;10880;Partij van de Arbeid (PvdA) / GROENLINKS;2542;4;
Maassluis;G0556;10880;CDA;2192;4;
Maassluis;G0556;10880;VVD;1970;3;
Maassluis;G0556;10880;D66;948;1;
Maassluis;G0556;10880;VSP Maassluis;791;1;
Maassluis;G0556;10880;ChristenUnie;722;1;
Maastricht;G0935;10182;D66;6719;6;
Maastricht;G0935;10182;CDA;5964;6;
Maastricht;G0935;10182;GroenLinks;4670;4;
Maastricht;G0935;10182;Senioren StadsPartij Maastricht (SPM);3700;3;
Maastricht;G0935;10182;VVD;3315;3;
Maastricht;G0935;10182;Partij van de Arbeid (PvdA);3310;3;
Maastricht;G0935;10182;Volt;2566;2;
Maastricht;G0935;10182;MAASTRICHT van NU;2518;2;
Maastricht;G0935;10182;Forum voor Democratie;2064;2;
Maastricht;G0935;10182;SP;2046;2;
Maastricht;G0935;10182;50PLUS;1966;1;
Maastricht;G0935;10182;PVV (Partij voor de Vrijheid);1877;1;
Maastricht;G0935;10182;Partij voor de Dieren;1842;1;
Maastricht;G0935;10182;Partij Veilig Maastricht;1751;1;
Maastricht;G0935;10182;M:OED;1549;1;
Maastricht;G0935;10182;SAB (Sociaal Actieve Burgerpartij);1096;1;
Maastricht;G0935;10182;Liberale Partij Maastricht;973;;
Medemblik;G0420;11215;Hart voor Medemblik;5435;8;
Medemblik;G0420;11215;VVD;3203;5;
Medemblik;G0420;11215;CDA;2980;4;
Medemblik;G0420;11215;GemeenteBelangen;2731;4;
Medemblik;G0420;11215;MORGEN!/Sociaal&Progressief;2487;3;
Medemblik;G0420;11215;Forum voor Democratie;1906;3;
Medemblik;G0420;11215;D66;1676;2;
Meerssen;G0938;10494;Lokaal DNA;3703;7;
Meerssen;G0938;10494;BRUG-M;2065;4;
Meerssen;G0938;10494;GROENLINKS / Partij van de Arbeid;1068;2;
Meerssen;G0938;10494;CDA;1032;2;
Meerssen;G0938;10494;VVD;829;2;
Meerssen;G0938;10494;Veur de Luuj;189;;
Meierijstad;G1948;10985;Lokaal Meierijstad;7002;8;
Meierijstad;G1948;10985;CDA;5446;6;
Meierijstad;G1948;10985;HIER;4736;5;
Meierijstad;G1948;10985;VVD;3449;4;
Meierijstad;G1948;10985;Forum voor Democratie;3238;4;
Meierijstad;G1948;10985;GROENLINKS / Partij van de Arbeid (PvdA);2392;2;
Meierijstad;G1948;10985;Hart;2076;2;
Meierijstad;G1948;10985;D66;1921;2;
Meierijstad;G1948;10985;Gemeentebelang Meierijstad;1889;2;
Meierijstad;G1948;10985;SP (Socialistische Partij);1808;2;
Meierijstad;G1948;10985;Blanco (lijst 11);124;;
Meppel;G0119;11204;Sterk Meppel (SteM);4544;7;
Meppel;G0119;11204;VVD;3552;6;
Meppel;G0119;11204;GROENLINKS / Partij van de Arbeid (PvdA);2157;3;
Meppel;G0119;11204;CDA;1857;3;
Meppel;G0119;11204;ChristenUnie;1349;2;
Meppel;G0119;11204;D66;1258;2;
Meppel;G0119;11204;SP (Socialistische Partij);1201;2;
Middelburg;G0687;10122;GROENLINKS / Partij van de Arbeid (PvdA);4417;7;
Middelburg;G0687;10122;Lokale Partij Middelburg (LPM);4127;6;
Middelburg;G0687;10122;Staatkundig Gereformeerde Partij (SGP);2758;4;
Middelburg;G0687;10122;VVD;2379;4;
Middelburg;G0687;10122;CDA;1858;3;
Middelburg;G0687;10122;D66;1721;2;
Middelburg;G0687;10122;ChristenUnie;1539;2;
Middelburg;G0687;10122;Hart voor Middelburg;963;1;
Middelburg;G0687;10122;Belang Van Nederland (BVNL);957;1;
Middelburg;G0687;10122;Partij voor de Dieren;927;1;
Middelburg;G0687;10122;SP (Socialistische Partij);449;;
Midden-Delfland;G1842;10130;Mijn Partij;3696;6;
Midden-Delfland;G1842;10130;VVD;2299;4;
Midden-Delfland;G1842;10130;CDA;1586;3;
Midden-Delfland;G1842;10130;OGP Midden-Delfland;1300;2;
Midden-Delfland;G1842;10130;D66;1292;2;
Midden-Delfland;G1842;10130;ChristenUnie;309;;
Midden-Drenthe;G1731;10520;GROENLINKS / Partij van de Arbeid (PvdA);3109;4;
Midden-Drenthe;G1731;10520;Gemeentebelangen;2594;4;
Midden-Drenthe;G1731;10520;VVD;2179;3;
Midden-Drenthe;G1731;10520;Forum voor Democratie;2101;3;
Midden-Drenthe;G1731;10520;MiddenDrenthe Nu;2050;3;
Midden-Drenthe;G1731;10520;CDA;1979;3;
Midden-Drenthe;G1731;10520;Positief Vooruit;1256;1;
Midden-Drenthe;G1731;10520;D66;1180;1;
Midden-Drenthe;G1731;10520;ChristenUnie;948;1;
Midden-Groningen;G1952;10410;GemeenteBelangen Midden-Groningen;6660;10;
Midden-Groningen;G1952;10410;GROENLINKS / Partij van de Arbeid (PvdA);4157;6;
Midden-Groningen;G1952;10410;Forum voor Democratie;2501;4;
Midden-Groningen;G1952;10410;VVD;2090;3;
Midden-Groningen;G1952;10410;CDA;1899;3;
Midden-Groningen;G1952;10410;ChristenUnie;1844;2;
Midden-Groningen;G1952;10410;D66;1581;2;
Midden-Groningen;G1952;10410;BBB;1553;2;
Midden-Groningen;G1952;10410;SP (Socialistische Partij);1229;1;
Midden-Groningen;G1952;10410;DURF;325;;
Moerdijk;G1709;10046;VVD;2699;4;
Moerdijk;G1709;10046;Forum voor Democratie;2213;4;
Moerdijk;G1709;10046;Onafhankelijk Moerdijk;2140;3;
Moerdijk;G1709;10046;Moerdijk VOORUIT!;1832;3;
Moerdijk;G1709;10046;CDA;1814;3;
Moerdijk;G1709;10046;Moerdijk Lokaal;1709;3;
Moerdijk;G1709;10046;GROENLINKS/Partij van de Arbeid (PvdA);1230;2;
Moerdijk;G1709;10046;D66;766;1;
Moerdijk;G1709;10046;BBM/BBB Bondgenoot;764;1;
Moerdijk;G1709;10046;ChristenUnie;595;1;
Molenlanden;G1978;10451;Doe mee! Molenlanden;6811;9;
Molenlanden;G1978;10451;Staatkundig Gereformeerde Partij (SGP);6619;8;
Molenlanden;G1978;10451;CDA;4367;5;
Molenlanden;G1978;10451;ChristenUnie;2969;4;
Molenlanden;G1978;10451;VVD;1807;2;
Molenlanden;G1978;10451;Progressief Molenlanden;1259;1;
Montferland;G1955;10350;CDA;3949;6;
Montferland;G1955;10350;Helder;2660;4;
Montferland;G1955;10350;PVV (Partij voor de Vrijheid);1854;3;
Montferland;G1955;10350;VVD;1829;3;
Montferland;G1955;10350;Partij van de Arbeid (PvdA);1800;2;
Montferland;G1955;10350;D66;1391;2;
Montferland;G1955;10350;Eén Montferland;1290;2;
Montferland;G1955;10350;Lokaal Belang Montferland;1220;2;
Montferland;G1955;10350;Lijst Groot Montferland;940;1;
Montfoort;G0335;10033;VVD;2328;5;
Montfoort;G0335;10033;CDA;1142;2;
Montfoort;G0335;10033;Inwonersbelangen Montfoort Linschoten;1138;2;
Montfoort;G0335;10033;Progressief Akkoord;890;2;
Montfoort;G0335;10033;Staatkundig Gereformeerde Partij (SGP);771;2;
Montfoort;G0335;10033;D66;571;1;
Montfoort;G0335;10033;ChristenUnie;360;1;
Mook en Middelaar;G0944;10271;GROENLINKS / Partij van de Arbeid (PvdA);1705;5;
Mook en Middelaar;G0944;10271;DGP;1094;3;
Mook en Middelaar;G0944;10271;VVD;814;2;
Mook en Middelaar;G0944;10271;D66;633;2;
Mook en Middelaar;G0944;10271;CDA;272;1;
Neder-Betuwe;G1740;10916;Staatkundig Gereformeerde Partij (SGP);5517;10;
Neder-Betuwe;G1740;10916;CDA-ChristenUnie;1895;3;
Neder-Betuwe;G1740;10916;Vóór Neder-Betuwe;1596;2;
Neder-Betuwe;G1740;10916;Gemeentebelangen;1552;2;
Neder-Betuwe;G1740;10916;VVD;1339;2;
Neder-Betuwe;G1740;10916;GROENLINKS / Partij van de Arbeid (PvdA);1160;2;
Nederweert;G0946;10681;CDA;2409;6;
Nederweert;G0946;10681;DNA Nederweert;2314;5;
Nederweert;G0946;10681;Jongeren Akkoord Nederweert (J.A.N.);1828;4;
Nederweert;G0946;10681;VVD;925;2;
Nieuwegein;G0356;10374;Lokale Vernieuwing / VSP;6217;9;
Nieuwegein;G0356;10374;GROENLINKS / Partij van de Arbeid (PvdA);5202;7;
Nieuwegein;G0356;10374;VVD;3441;5;
Nieuwegein;G0356;10374;Forum voor Democratie;3166;4;
Nieuwegein;G0356;10374;D66;2560;3;
Nieuwegein;G0356;10374;CDA;1949;2;
Nieuwegein;G0356;10374;ieders Belang;975;1;
Nieuwegein;G0356;10374;ChristenUnie;926;1;
Nieuwegein;G0356;10374;De Unie (van Nieuwegein);682;1;
Nieuwegein;G0356;10374;Stadspartij Núwegein (NÚ);401;;
Nieuwkoop;G0569;10728;Samen Beter Nieuwkoop;5215;8;
Nieuwkoop;G0569;10728;VVD;3346;5;
Nieuwkoop;G0569;10728;CDA;2110;3;
Nieuwkoop;G0569;10728;Natuurlijk Nieuwkoop;1492;2;
Nieuwkoop;G0569;10728;D66;1403;2;
Nieuwkoop;G0569;10728;SGP-ChristenUnie;670;1;
Nijkerk;G0267;10446;CDA;4680;6;
Nijkerk;G0267;10446;ChristenUnie-SGP;3917;5;
Nijkerk;G0267;10446;De Lokale Partij;3630;5;
Nijkerk;G0267;10446;Forum voor Democratie;2996;4;
Nijkerk;G0267;10446;VVD;2965;4;
Nijkerk;G0267;10446;PRO21 (D66, GroenLinks-PvdA);2904;4;
Nijkerk;G0267;10446;Voor Ons;960;1;
Nijmegen;G0268;11209;GROENLINKS;22641;11;
Nijmegen;G0268;11209;D66;15222;7;
Nijmegen;G0268;11209;Stadspartij Nijmegen;12154;6;
Nijmegen;G0268;11209;Partij van de Arbeid (PvdA);9020;4;
Nijmegen;G0268;11209;VVD;7914;3;
Nijmegen;G0268;11209;CDA;4864;2;
Nijmegen;G0268;11209;Partij voor de Dieren;4314;2;
Nijmegen;G0268;11209;Forum voor Democratie;3407;1;
Nijmegen;G0268;11209;SP (Socialistische Partij);3388;1;
Nijmegen;G0268;11209;Volt;2886;1;
Nijmegen;G0268;11209;1Nijmegen;2876;1;
Nijmegen;G0268;11209;Revolutionair Socialistische Partij;837;;
Nijmegen;G0268;11209;Piratenpartij;521;;
Nissewaard;G1930;10735;ONS;7314;10;
Nissewaard;G1930;10735;VOOR Nissewaard;3854;5;
Nissewaard;G1930;10735;Partij van de Arbeid (PvdA);2803;4;
Nissewaard;G1930;10735;Forum voor Democratie;2562;3;
Nissewaard;G1930;10735;Nissewaard Lokaal;2476;3;
Nissewaard;G1930;10735;PVV (Partij voor de Vrijheid);2375;3;
Nissewaard;G1930;10735;Hardt voor Nissewaard;1727;2;
Nissewaard;G1930;10735;VVD;1656;2;
Nissewaard;G1930;10735;CDA;1500;2;
Nissewaard;G1930;10735;Partij Jong Nissewaard (PJN);1386;1;
Nissewaard;G1930;10735;ChristenUnie-SGP;766;1;
Nissewaard;G1930;10735;SP (Socialistische Partij);754;1;
Nissewaard;G1930;10735;GROENLINKS;631;;
Nissewaard;G1930;10735;BELANG VAN NISSEWAARD;218;;
Noardeast-Fryslân;G1970;10198;CDA;3522;6;
Noardeast-Fryslân;G1970;10198;FNP;3205;5;
Noardeast-Fryslân;G1970;10198;Liberaal Noardeast-Fryslân (LNF);2844;4;
Noardeast-Fryslân;G1970;10198;S!N-Sociaal in Noardeast-Fryslân;2789;4;
Noardeast-Fryslân;G1970;10198;ChristenUnie;1748;2;
Noardeast-Fryslân;G1970;10198;Gemeentebelangen Noardeast-Fryslân;1558;2;
Noardeast-Fryslân;G1970;10198;BBB;1463;2;
Noardeast-Fryslân;G1970;10198;VVD;1333;2;
Noardeast-Fryslân;G1970;10198;Partij van de Arbeid (PvdA);1222;2;
Noardeast-Fryslân;G1970;10198;D66;480;;
Noord-Beveland;G1695;10250;VVD;837;3;
Noord-Beveland;G1695;10250;GROENLINKS / Partij van de Arbeid (PvdA);691;2;
Noord-Beveland;G1695;10250;CDA;579;2;
Noord-Beveland;G1695;10250;Staatkundig Gereformeerde Partij (SGP);499;2;
Noord-Beveland;G1695;10250;Wij zijn Noord-Beveland - WZNB;476;1;
Noord-Beveland;G1695;10250;Forum voor Democratie;434;1;
Noord-Beveland;G1695;10250;Hart voor Noord-Beveland;402;1;
Noord-Beveland;G1695;10250;Noord-Bevelands Belang;390;1;
Noordenveld;G1699;10699;Gemeentebelangen Noordenveld;6321;10;
Noordenveld;G1699;10699;GROENLINKS / Partij van de Arbeid (PvdA);2880;4;
Noordenveld;G1699;10699;LGN (Lijst Groen Noordenveld);1785;3;
Noordenveld;G1699;10699;VVD;1416;2;
Noordenveld;G1699;10699;D66;1174;2;
Noordenveld;G1699;10699;ChristenUnie;926;1;
Noordenveld;G1699;10699;CDA;833;1;
Noordenveld;G1699;10699;Lokaal Noordenveld;543;;
Noordoostpolder;G0171;10144;CDA;3631;5;
Noordoostpolder;G0171;10144;Politieke Unie;3137;5;
Noordoostpolder;G0171;10144;ChristenUnie-SGP;3063;5;
Noordoostpolder;G0171;10144;ONS Noordoostpolder;2985;4;
Noordoostpolder;G0171;10144;Forum voor Democratie;2494;4;
Noordoostpolder;G0171;10144;GROENLINKS / Partij van de Arbeid (PvdA);2285;3;
Noordoostpolder;G0171;10144;VVD;1981;3;
Noordoostpolder;G0171;10144;Brede Horizon;1505;2;
Noordwijk;G0575;10769;Partij voor de Inwoners;3734;5;
Noordwijk;G0575;10769;VVD;3450;5;
Noordwijk;G0575;10769;GROENLINKS / Partij van de Arbeid (PvdA);2956;4;
Noordwijk;G0575;10769;CDA;2723;4;
Noordwijk;G0575;10769;Forum voor Democratie;1948;2;
Noordwijk;G0575;10769;NZLokaal;1634;2;
Noordwijk;G0575;10769;PUUR;1633;2;
Noordwijk;G0575;10769;D66;1632;2;
Noordwijk;G0575;10769;Lijst Salman Noordwijk;1518;2;
Noordwijk;G0575;10769;HELDER;929;1;
Noordwijk;G0575;10769;ONS Noordwijk;272;;
Nuenen, Gerwen en Nederwetten;G0820;10761;ONS Nuenen, Gerwen en Nederwetten;2103;4;
Nuenen, Gerwen en Nederwetten;G0820;10761;GROENLINKS / Partij van de Arbeid (PvdA);1976;3;
Nuenen, Gerwen en Nederwetten;G0820;10761;D66;1622;3;
Nuenen, Gerwen en Nederwetten;G0820;10761;VVD;1376;2;
Nuenen, Gerwen en Nederwetten;G0820;10761;W70 Nuenen Gerwen Nederwetten Eeneind;1299;2;
Nuenen, Gerwen en Nederwetten;G0820;10761;CDA;1288;2;
Nuenen, Gerwen en Nederwetten;G0820;10761;Combinatie Nuenen c.a.;1128;2;
Nuenen, Gerwen en Nederwetten;G0820;10761;Blanco (lijst 9);760;1;
Nuenen, Gerwen en Nederwetten;G0820;10761;Lijst Pijs;304;;
Nunspeet;G0302;10512;Staatkundig Gereformeerde Partij (SGP);5118;7;
Nunspeet;G0302;10512;Gemeentebelang;3553;5;
Nunspeet;G0302;10512;ChristenUnie;2664;4;
Nunspeet;G0302;10512;Lux21;1781;2;
Nunspeet;G0302;10512;CDA;1113;1;
Nunspeet;G0302;10512;GROENLINKS / Partij van de Arbeid (PvdA);864;1;
Nunspeet;G0302;10512;VVD;860;1;
Oegstgeest;G0579;10287;D66;2975;5;
Oegstgeest;G0579;10287;PrO/P.v.d.A./GROENLINKS;2931;5;
Oegstgeest;G0579;10287;VVD;2322;4;
Oegstgeest;G0579;10287;CDA;2000;3;
Oegstgeest;G0579;10287;Hart voor Oegstgeest;1947;3;
Oegstgeest;G0579;10287;Belang Van Nederland (BVNL);868;1;
Oirschot;G0823;10225;De Gewone Man;2517;5;
Oirschot;G0823;10225;CDA;1768;4;
Oirschot;G0823;10225;Dorpsvisie;1743;3;
Oirschot;G0823;10225;GL-PvdA-Sociaal Progressief Oirschot;1253;3;
Oirschot;G0823;10225;VVD;1120;2;
Oirschot;G0823;10225;Nieuwe Politiek;388;;
Oirschot;G0823;10225;Blanco (lijst 7);159;;
Oisterwijk;G0824;10103;Partij Gemeente Belangen;2947;5;
Oisterwijk;G0824;10103;VVD;2830;4;
Oisterwijk;G0824;10103;PrO (Progressief Oisterwijk);2340;4;
Oisterwijk;G0824;10103;D66;1749;3;
Oisterwijk;G0824;10103;CDA;1712;2;
Oisterwijk;G0824;10103;Algemeen Belang Oisterwijk;1560;2;
Oisterwijk;G0824;10103;Forum voor Democratie;1218;2;
Oisterwijk;G0824;10103;WIJ! Oisterwijk;697;1;
Oldambt;G1895;10453;GROENLINKS / Partij van de Arbeid (PvdA);2274;4;
Oldambt;G1895;10453;Gemeentebelangen Oldambt;2241;4;
Oldambt;G1895;10453;VVD;1796;3;
Oldambt;G1895;10453;PVV (Partij voor de Vrijheid);1671;3;
Oldambt;G1895;10453;Verenigde Communistische Partij;1534;3;
Oldambt;G1895;10453;CDA;1405;2;
Oldambt;G1895;10453;Partij voor het Noorden;1323;2;
Oldambt;G1895;10453;SP (Socialistische Partij);865;1;
Oldambt;G1895;10453;D66;837;1;
Oldambt;G1895;10453;ChristenUnie;724;1;
Oldambt;G1895;10453;DURF;519;1;
Oldambt;G1895;10453;Oldambt Aktief;375;;
Oldebroek;G0269;11106;CVO;4121;7;
Oldebroek;G0269;11106;ChristenUnie;2326;4;
Oldebroek;G0269;11106;Staatkundig Gereformeerde Partij (SGP);1739;3;
Oldebroek;G0269;11106;Algemeen Belang Oldebroek (A.B.O.);1553;2;
Oldebroek;G0269;11106;Sociaal & Duurzaam Oldebroek;1363;2;
Oldebroek;G0269;11106;CDA;1091;1;
Oldebroek;G0269;11106;VVD;577;;
Oldenzaal;G0173;11100;Solidair Oldenzaal;3966;7;
Oldenzaal;G0173;11100;CDA;2788;4;
Oldenzaal;G0173;11100;WG Oldenzaal;2599;4;
Oldenzaal;G0173;11100;VVD;2593;4;
Oldenzaal;G0173;11100;Partij van de Arbeid;1351;2;
Oldenzaal;G0173;11100;GROENLINKS;788;1;
Oldenzaal;G0173;11100;D66;765;1;
Olst-Wijhe;G1773;10409;GROENLINKS / Partij van de Arbeid (PvdA) / D66;3002;6;
Olst-Wijhe;G1773;10409;Gemeentebelangen Olst-Wijhe;2821;5;
Olst-Wijhe;G1773;10409;CDA;1733;3;
Olst-Wijhe;G1773;10409;VVD;1688;3;
Ommen;G0175;11069;Volkspartij Ommen Vooruit (VOV-Ommen);3076;5;
Ommen;G0175;11069;CDA;2179;4;
Ommen;G0175;11069;Lokale Partij Ommen;1381;2;
Ommen;G0175;11069;ChristenUnie;1279;2;
Ommen;G0175;11069;GROENLINKS / Partij van de Arbeid (PvdA);933;2;
Ommen;G0175;11069;VVD;674;1;
Ommen;G0175;11069;D66;548;1;
Oost Gelre;G1586;11094;CDA;4162;7;
Oost Gelre;G1586;11094;VVD;3263;5;
Oost Gelre;G1586;11094;OOG;3168;5;
Oost Gelre;G1586;11094;Oost Gelre Vooruit;1591;2;
Oost Gelre;G1586;11094;GROENLINKS / Partij van de Arbeid (PvdA);1348;2;
Oost Gelre;G1586;11094;Lokaal Belang;1261;2;
Oost Gelre;G1586;11094;OLW (Onafhankelijke Lijst Wallerbos);553;;
Oosterhout;G0826;11280;Gemeentebelangen Oosterhout;3825;6;
Oosterhout;G0826;11280;GROENLINKS / Partij van de Arbeid (PvdA);3107;5;
Oosterhout;G0826;11280;VVD;3068;5;
Oosterhout;G0826;11280;Voor Heel Oosterhout;3055;4;
Oosterhout;G0826;11280;D66;2970;4;
Oosterhout;G0826;11280;Lokaal Open en Sociaal;2447;3;
Oosterhout;G0826;11280;Gezond Burger Verstand;1718;2;
Oosterhout;G0826;11280;CDA;1649;2;
Ooststellingwerf;G0085;10836;Vrije Partij Ooststellingwerf;2122;4;
Ooststellingwerf;G0085;10836;GROENLINKS / Partij van de Arbeid (PvdA);2076;4;
Ooststellingwerf;G0085;10836;OoststellingwerfsBelang;1971;4;
Ooststellingwerf;G0085;10836;VVD;1867;3;
Ooststellingwerf;G0085;10836;CDA;1437;3;
Ooststellingwerf;G0085;10836;D66;746;1;
Ooststellingwerf;G0085;10836;ChristenUnie;705;1;
Ooststellingwerf;G0085;10836;Democratisch Ooststellingwerf (DO);502;1;
Oostzaan;G0431;11303;VVD;1775;6;
Oostzaan;G0431;11303;CDA;768;2;
Oostzaan;G0431;11303;GROENLINKS;743;2;
Oostzaan;G0431;11303;D66;702;2;
Oostzaan;G0431;11303;Partij van de Arbeid (PvdA);350;1;
Opmeer;G0432;10609;KERN8;1336;3;
Opmeer;G0432;10609;CDA;1284;3;
Opmeer;G0432;10609;VVD;1037;3;
Opmeer;G0432;10609;Gemeentebelangen Opmeer;795;2;
Opmeer;G0432;10609;Lokale Partij Opmeer(LPO);749;2;
Opmeer;G0432;10609;GROENLINKS/Partij van de Arbeid (PvdA);652;2;
Opsterland;G0086;10005;Opsterlands Belang;5207;9;
Opsterland;G0086;10005;FNP;2318;4;
Opsterland;G0086;10005;GROENLINKS / Partij van de Arbeid (PvdA);1865;3;
Opsterland;G0086;10005;CDA;1394;2;
Opsterland;G0086;10005;ChristenUnie;1208;2;
Opsterland;G0086;10005;VVD;1060;2;
Opsterland;G0086;10005;D66;832;1;
Opsterland;G0086;10005;SP (Socialistische Partij);398;;
Oss;G0828;10834;V.D.G. (Voor de Gemeenschap);8667;9;
Oss;G0828;10834;CDA;4799;5;
Oss;G0828;10834;SP (Socialistische Partij);3889;4;
Oss;G0828;10834;Dynamisch Democratisch Oss (DDO);3881;4;
Oss;G0828;10834;D66;3823;4;
Oss;G0828;10834;VVD;3093;3;
Oss;G0828;10834;GROENLINKS/ Partij van de Arbeid (PvdA);3023;3;
Oss;G0828;10834;Sociaal Sterk Oss (SSO);2520;2;
Oss;G0828;10834;Forum voor Democratie;2424;2;
Oss;G0828;10834;PVV (Partij voor de Vrijheid);1723;1;
Oude IJsselstreek;G1509;10260;Lokaal Belang;5105;7;
Oude IJsselstreek;G1509;10260;DorpEnPlattelandBeweging;3686;5;
Oude IJsselstreek;G1509;10260;Partij van de Arbeid (PvdA) / GROENLINKS;2013;3;
Oude IJsselstreek;G1509;10260;CDA;1821;2;
Oude IJsselstreek;G1509;10260;VVD;1629;2;
Oude IJsselstreek;G1509;10260;Achterhoeks Democratisch Alternatief;1480;2;
Oude IJsselstreek;G1509;10260;Pro! Oude IJsselstreek;1428;2;
Oude IJsselstreek;G1509;10260;D66;830;1;
Oude IJsselstreek;G1509;10260;Burgers op 1;744;1;
Ouder-Amstel;G0437;10998;GROENLINKS / Partij van de Arbeid (PvdA);1593;4;
Ouder-Amstel;G0437;10998;VVD;1260;3;
Ouder-Amstel;G0437;10998;D66;1179;3;
Ouder-Amstel;G0437;10998;Natuurlijk Belang;1104;2;
Ouder-Amstel;G0437;10998;Ouder-Amstel Anders;601;1;
Ouder-Amstel;G0437;10998;CDA;523;1;
Ouder-Amstel;G0437;10998;Amstelland Lokaal;334;1;
Oudewater;G0589;10188;VVD;1776;5;
Oudewater;G0589;10188;CDA;1314;4;
Oudewater;G0589;10188;De Onafhankelijken;907;3;
Oudewater;G0589;10188;ChristenUnie-SGP;678;2;
Oudewater;G0589;10188;Progressief Oudewater;535;1;
Overbetuwe;G1734;11188;Gemeentebelangen Overbetuwe;6561;10;
Overbetuwe;G1734;11188;CDA;3972;6;
Overbetuwe;G1734;11188;GROENLINKS / Partij van de Arbeid (PvdA);3070;4;
Overbetuwe;G1734;11188;D66;2820;4;
Overbetuwe;G1734;11188;VVD;2623;3;
Overbetuwe;G1734;11188;Lijst BOB;1031;1;
Overbetuwe;G1734;11188;Staatkundig Gereformeerde Partij (SGP);845;1;
Overbetuwe;G1734;11188;OverbetuweNu;632;;
Overbetuwe;G1734;11188;ChristenUnie;574;;
Papendrecht;G0590;10427;PVV (Partij voor de Vrijheid);3075;6;
Papendrecht;G0590;10427;VVD;1980;4;
Papendrecht;G0590;10427;Onafhankelijk Papendrecht;1407;2;
Papendrecht;G0590;10427;CDA;1370;2;
Papendrecht;G0590;10427;GROENLINKS / Partij van de Arbeid (PvdA);1164;2;
Papendrecht;G0590;10427;D66;1073;2;
Papendrecht;G0590;10427;Staatkundig Gereformeerde Partij (SGP);1071;2;
Papendrecht;G0590;10427;50PLUS;977;1;
Papendrecht;G0590;10427;ChristenUnie;939;1;
Papendrecht;G0590;10427;PAPENDRECHTS ALGEMEEN BELANG;802;1;
Papendrecht;G0590;10427;Realistisch Papendrecht;383;;
Peel en Maas;G1894;10205;Lokaal Peel en Maas;7375;12;
Peel en Maas;G1894;10205;CDA;3796;6;
Peel en Maas;G1894;10205;VVD;2253;3;
Peel en Maas;G1894;10205;BBB Peel en Maas;2010;3;
Peel en Maas;G1894;10205;Partij van de Arbeid (PvdA) / GROENLINKS;1719;3;
Peel en Maas;G1894;10205;D66;1467;2;
Pekela;G0765;10848;PVV (Partij voor de Vrijheid);1083;4;
Pekela;G0765;10848;SP (Socialistische Partij);1072;4;
Pekela;G0765;10848;Samen Voor Pekela;933;3;
Pekela;G0765;10848;CDA;686;2;
Pekela;G0765;10848;GROENLINKS / Partij van de Arbeid (PvdA);566;2;
Pijnacker-Nootdorp;G1926;10031;Eerlijk Alternatief;6331;8;
Pijnacker-Nootdorp;G1926;10031;D66;3877;5;
Pijnacker-Nootdorp;G1926;10031;CDA;3250;4;
Pijnacker-Nootdorp;G1926;10031;Progressief PN / GROENLINKS / P.v.d.A.;3184;4;
Pijnacker-Nootdorp;G1926;10031;VVD;3131;4;
Pijnacker-Nootdorp;G1926;10031;Forum voor Democratie;2091;2;
Pijnacker-Nootdorp;G1926;10031;Trots Pijnacker-Nootdorp;1914;2;
Pijnacker-Nootdorp;G1926;10031;Pijnacker-Nootdorp Vooruit (PNV);1041;1;
Pijnacker-Nootdorp;G1926;10031;Partij voor de Dieren;921;1;
Pijnacker-Nootdorp;G1926;10031;ChristenUnie-SGP;707;;
Pijnacker-Nootdorp;G1926;10031;Politieke Partij voor Basisinkomen;94;;
Purmerend;G0439;11066;STADSPARTIJ-Beemster Polder Partij;6091;7;
Purmerend;G0439;11066;GROENLINKS / Partij van de Arbeid (PvdA);4943;6;
Purmerend;G0439;11066;Forum voor Democratie;4138;5;
Purmerend;G0439;11066;VVD;3289;3;
Purmerend;G0439;11066;Partij voor Purmerend;3171;3;
Purmerend;G0439;11066;D66;2846;3;
Purmerend;G0439;11066;Ouderenpartij AOV Purmerend-Beemster;2595;3;
Purmerend;G0439;11066;GBP;2429;2;
Purmerend;G0439;11066;PB21;2121;2;
Purmerend;G0439;11066;CDA;1976;2;
Purmerend;G0439;11066;Lijst Melvin Smid;1027;1;
Purmerend;G0439;11066;HOP;274;;
Purmerend;G0439;11066;Piratenpartij;261;;
Purmerend;G0439;11066;Lijst Van Damme (LVD);121;;
Putten;G0273;11109;Staatkundig Gereformeerde Partij (SGP);2802;5;
Putten;G0273;11109;Wij Putten;2672;4;
Putten;G0273;11109;VVD;2123;3;
Putten;G0273;11109;CDA;1993;3;
Putten;G0273;11109;ChristenUnie;1715;3;
Putten;G0273;11109;Gemeentebelangen Putten;1619;2;
Putten;G0273;11109;GROENLINKS / Partij van de Arbeid (PvdA);544;1;
Raalte;G0177;10279;BurgerBelangen;5250;7;
Raalte;G0177;10279;CDA;3674;5;
Raalte;G0177;10279;Gemeentebelangen;3066;4;
Raalte;G0177;10279;VVD;2924;4;
Raalte;G0177;10279;BBB;1935;2;
Raalte;G0177;10279;GROENLINKS/Partij van de Arbeid (PvdA);1645;2;
Raalte;G0177;10279;D66;1331;1;
Reimerswaal;G0703;10077;Staatkundig Gereformeerde Partij (SGP);4710;9;
Reimerswaal;G0703;10077;LEEFBAAR REIMERSWAAL;2573;4;
Reimerswaal;G0703;10077;CDA;1199;2;
Reimerswaal;G0703;10077;VVD;1077;2;
Reimerswaal;G0703;10077;GROENLINKS / Partij van de Arbeid (PvdA);744;1;
Reimerswaal;G0703;10077;ChristenUnie;594;1;
Renkum;G0274;11325;GROENLINKS / Partij van de Arbeid (PvdA);4284;6;
Renkum;G0274;11325;Leefbaar Renkum;2856;4;
Renkum;G0274;11325;D66;2507;4;
Renkum;G0274;11325;GB! Lokaal op 1;2410;3;
Renkum;G0274;11325;VVD;1761;2;
Renkum;G0274;11325;CDA;1291;2;
Renkum;G0274;11325;Partij Renkumse Dorpen (PRD);1198;1;
Renkum;G0274;11325;SP (Socialistische partij);714;1;
Renswoude;G0339;10269;OPRenswoude;865;3;
Renswoude;G0339;10269;Staatkundig Gereformeerde Partij (SGP);852;3;
Renswoude;G0339;10269;Dorpsbelang Renswoude;767;3;
Renswoude;G0339;10269;ChristenUnie;302;1;
Renswoude;G0339;10269;CDA;284;1;
Reusel-De Mierden;G1667;10162;Samenwerking Reusel-De Mierden;2891;8;
Reusel-De Mierden;G1667;10162;CDA;1180;3;
Reusel-De Mierden;G1667;10162;D66;611;2;
Reusel-De Mierden;G1667;10162;VVD;552;2;
Reusel-De Mierden;G1667;10162;Blanco (lijst 5);200;;
Rheden;G0275;11355;Burgerbelangen;3951;6;
Rheden;G0275;11355;GROENLINKS/ Partij van de Arbeid(PvdA);3907;6;
Rheden;G0275;11355;VVD;2509;3;
Rheden;G0275;11355;D66;2496;3;
Rheden;G0275;11355;Volkspartij Politiek Rheden;2167;3;
Rheden;G0275;11355;CDA;1518;2;
Rheden;G0275;11355;Partij voor de Dieren;1209;1;
Rheden;G0275;11355;50PLUS;1172;1;
Rheden;G0275;11355;Volt;713;1;
Rheden;G0275;11355;ChristenUnie;649;1;
Rhenen;G0340;10309;Staatkundig Gereformeerde Partij (SGP);2248;4;
Rhenen;G0340;10309;De Lokale Volkspartij;1931;4;
Rhenen;G0340;10309;GROENLINKS/ PvdA / Progressief Rhenen;1507;3;
Rhenen;G0340;10309;VVD;1206;2;
Rhenen;G0340;10309;D66;1098;2;
Rhenen;G0340;10309;Rhenens Belang;952;2;
Rhenen;G0340;10309;CDA;795;1;
Rhenen;G0340;10309;ChristenUnie;673;1;
Rhenen;G0340;10309;AZC WEG ERMEE! (Trots op Rhenen);434;;
Ridderkerk;G0597;10646;Partij 18PLUS;7422;12;
Ridderkerk;G0597;10646;Staatkundig Gereformeerde Partij (SGP);3106;5;
Ridderkerk;G0597;10646;CDA;1716;2;
Ridderkerk;G0597;10646;Echt voor Ridderkerk (EvR);1543;2;
Ridderkerk;G0597;10646;ChristenUnie;1262;2;
Ridderkerk;G0597;10646;VVD;1234;2;
Ridderkerk;G0597;10646;GROENLINKS;1189;1;
Ridderkerk;G0597;10646;Leefbaar Ridderkerk;1120;1;
Ridderkerk;G0597;10646;Partij van de Arbeid (PvdA);1003;1;
Ridderkerk;G0597;10646;Burger op 1;693;1;
Rijssen-Holten;G1742;10358;Staatkundig Gereformeerde Partij (SGP);6708;8;
Rijssen-Holten;G1742;10358;CDA;3588;4;
Rijssen-Holten;G1742;10358;Gemeentebelang Rijssen-Holten;3564;4;
Rijssen-Holten;G1742;10358;ChristenUnie;2538;3;
Rijssen-Holten;G1742;10358;Forum voor Democratie;2469;3;
Rijssen-Holten;G1742;10358;VVD;1928;2;
Rijssen-Holten;G1742;10358;GROENLINKS / Partij van de Arbeid (PvdA);1164;1;
Rijswijk;G0603;11133;GROENLINKS / Partij van de Arbeid (PvdA);4369;6;
Rijswijk;G0603;11133;Rijswijks Belang;4273;6;
Rijswijk;G0603;11133;BETER VOOR RIJSWIJK (BVR);3766;6;
Rijswijk;G0603;11133;D66;3165;5;
Rijswijk;G0603;11133;Wij;2085;3;
Rijswijk;G0603;11133;VVD;1757;2;
Rijswijk;G0603;11133;CDA;1395;2;
Rijswijk;G0603;11133;Forum voor Democratie;1364;2;
Rijswijk;G0603;11133;DENK-PGenR;910;1;
Roerdalen;G1669;10196;Roerstreek Lokaal!;2505;6;
Roerdalen;G1669;10196;Democraten Roerdalen;2174;5;
Roerdalen;G1669;10196;CDA;1654;4;
Roerdalen;G1669;10196;GROENLINKS / Partij van de Arbeid (PvdA);1077;2;
Roerdalen;G1669;10196;Ons Roerdalen;752;1;
Roerdalen;G1669;10196;Vitaal Perspectief;655;1;
Roermond;G0957;11313;Liberale Volkspartij Roermond;8268;13;
Roermond;G0957;11313;GROENLINKS / Partij van de Arbeid (PvdA);4892;7;
Roermond;G0957;11313;Demokraten Swalmen (DS);2586;4;
Roermond;G0957;11313;VVD;1852;3;
Roermond;G0957;11313;CDA;1851;2;
Roermond;G0957;11313;D66;1337;2;
Roermond;G0957;11313;Stadspartij Roermond;1074;1;
Roermond;G0957;11313;Partij voor de Dieren;617;1;
Roermond;G0957;11313;SP (Socialistische Partij);573;;
Roosendaal;G1674;10407;VLP Roosendaal;3911;5;
Roosendaal;G1674;10407;VVD;3600;5;
Roosendaal;G1674;10407;Roosendaalse Lijst;3416;5;
Roosendaal;G1674;10407;GROENLINKS / Partij van de Arbeid (PvdA);3271;5;
Roosendaal;G1674;10407;CDA;2873;4;
Roosendaal;G1674;10407;Forum voor Democratie;2213;3;
Roosendaal;G1674;10407;Vitaal Liberaal;1705;2;
Roosendaal;G1674;10407;Lijst De Regt;1588;2;
Roosendaal;G1674;10407;D66;1481;2;
Roosendaal;G1674;10407;Burger Belangen Roosendaal;1458;2;
Roosendaal;G1674;10407;SP (Socialistische Partij);598;;
Roosendaal;G1674;10407;BVNL;474;;
Rotterdam;G0599;10345;GROENLINKS / Partij van de Arbeid (PvdA);46542;11;
Rotterdam;G0599;10345;Leefbaar Rotterdam;43248;11;
Rotterdam;G0599;10345;D66;22689;5;
Rotterdam;G0599;10345;VVD;20256;5;
Rotterdam;G0599;10345;DENK;18591;4;
Rotterdam;G0599;10345;Forum voor Democratie;10161;2;
Rotterdam;G0599;10345;CDA;7189;1;
Rotterdam;G0599;10345;Partij voor de Dieren;6234;1;
Rotterdam;G0599;10345;Volt;6171;1;
Rotterdam;G0599;10345;50PLUS;5521;1;
Rotterdam;G0599;10345;ChristenUnie;5074;1;
Rotterdam;G0599;10345;SP (Socialistische Partij);5055;1;
Rotterdam;G0599;10345;BIJ1;4195;1;
Rotterdam;G0599;10345;Rotterdam NEXT;2437;;
Rotterdam;G0599;10345;JOU, Lijst Verkoelen;2387;;
Rotterdam;G0599;10345;Staatkundig Gereformeerde Partij (SGP);1636;;
Rotterdam;G0599;10345;Vrede voor Dieren;892;;
Rotterdam;G0599;10345;(PBAR) Beweging Armoedebestrijding;800;;
Rotterdam;G0599;10345;PARTIJvdSPORT;790;;
Rotterdam;G0599;10345;Wij van de Wijk;690;;
Rotterdam;G0599;10345;Wij Kleurrijk Rotterdam;538;;
Rozendaal;G0277;10684;Rosendael '74;508;4;
Rozendaal;G0277;10684;Progressief Akkoord Rozendaal;350;3;
Rozendaal;G0277;10684;BGR;196;2;
Rucphen;G0840;11152;Rucphense Volkspartij;2712;6;
Rucphen;G0840;11152;VVD;2458;5;
Rucphen;G0840;11152;PVV (Partij voor de Vrijheid);1271;3;
Rucphen;G0840;11152;CDA;1215;2;
Rucphen;G0840;11152;Forum voor Democratie;989;2;
Rucphen;G0840;11152;GROENLINKS / Partij van de Arbeid (PvdA);600;1;
Schagen;G0441;10511;JessLokaal;4536;6;
Schagen;G0441;10511;CDA;4366;6;
Schagen;G0441;10511;VVD;3196;4;
Schagen;G0441;10511;GROENLINKS / Partij van de Arbeid (PvdA);3155;4;
Schagen;G0441;10511;Forum voor Democratie;2640;3;
Schagen;G0441;10511;Seniorenpartij Schagen;2083;3;
Schagen;G0441;10511;D66;1500;2;
Schagen;G0441;10511;Wens4U (wij en Schagen voor u);715;1;
Schagen;G0441;10511;SP (Socialistische Partij);426;;
Scherpenzeel;G0279;11146;GemeenteBelangen Scherpenzeel (GBS);1717;4;
Scherpenzeel;G0279;11146;Staatkundig Gereformeerde Partij (SGP);1459;4;
Scherpenzeel;G0279;11146;ChristenUnie;830;2;
Scherpenzeel;G0279;11146;Forum voor Democratie;625;2;
Scherpenzeel;G0279;11146;PRO Scherpenzeel;499;1;
Scherpenzeel;G0279;11146;CDA;382;1;
Scherpenzeel;G0279;11146;VVD;356;1;
Schiedam;G0606;11260;GROENLINKS-PvdA-Progressief Schiedam;5388;8;
Schiedam;G0606;11260;Alles voor Schiedam;3228;5;
Schiedam;G0606;11260;DENK;3082;4;
Schiedam;G0606;11260;VVD;2988;4;
Schiedam;G0606;11260;Lijst Mark Verspeek;2464;3;
Schiedam;G0606;11260;D66;2051;3;
Schiedam;G0606;11260;CDA;2042;3;
Schiedam;G0606;11260;Forum voor Democratie;1864;2;
Schiedam;G0606;11260;OuderenPartij Schiedam;1425;2;
Schiedam;G0606;11260;Lokaal Onafhankelijk Schiedam (L.O.S.);1121;1;
Schiedam;G0606;11260;50PLUS;1092;1;
Schiedam;G0606;11260;Partij voor de Dieren;1060;1;
Schiermonnikoog;G0088;10355;Ons Belang;242;3;
Schiermonnikoog;G0088;10355;Schiermonnikoogs Belang;208;3;
Schiermonnikoog;G0088;10355;SAMEN;198;3;
Schouwen-Duiveland;G1676;10843;Leefbaar Schouwen-Duiveland;4295;6;
Schouwen-Duiveland;G1676;10843;VVD;3480;5;
Schouwen-Duiveland;G1676;10843;Staatkundig Gereformeerde Partij (SGP);2412;3;
Schouwen-Duiveland;G1676;10843;CDA;2189;3;
Schouwen-Duiveland;G1676;10843;GROENLINKS / Partij van de Arbeid (PvdA);1914;2;
Schouwen-Duiveland;G1676;10843;D66;1430;2;
Schouwen-Duiveland;G1676;10843;ChristenUnie;925;1;
Schouwen-Duiveland;G1676;10843;Socialistische Partij;820;1;
Simpelveld;G0965;10515;Leefbaar Simpelveld;1598;5;
Simpelveld;G0965;10515;BurgerBelangen;1361;4;
Simpelveld;G0965;10515;Samen 1;1324;4;
Simpelveld;G0965;10515;CDA;696;2;
Sint-Michielsgestel;G0845;10496;SMG;4461;7;
Sint-Michielsgestel;G0845;10496;PPA;3694;6;
Sint-Michielsgestel;G0845;10496;D66;1834;3;
Sint-Michielsgestel;G0845;10496;GROENLINKS/PvdA;1381;2;
Sint-Michielsgestel;G0845;10496;CDA;1261;2;
Sint-Michielsgestel;G0845;10496;VVD;1125;2;
Sint-Michielsgestel;G0845;10496;DorpsGoed;1059;1;
Sittard-Geleen;G1883;11230;G.O.B.;8914;10;
Sittard-Geleen;G1883;11230;CDA;6360;7;
Sittard-Geleen;G1883;11230;GROENLINKS / Partij van de Arbeid (PvdA);3902;4;
Sittard-Geleen;G1883;11230;Stadspartij;3084;3;
Sittard-Geleen;G1883;11230;D66;2730;3;
Sittard-Geleen;G1883;11230;Forum voor Democratie;2091;2;
Sittard-Geleen;G1883;11230;PVV (Partij voor de Vrijheid);1867;2;
Sittard-Geleen;G1883;11230;VVD;1762;2;
Sittard-Geleen;G1883;11230;PIT;1448;1;
Sittard-Geleen;G1883;11230;Lokaal Sittard-Geleen-Born;1114;1;
Sittard-Geleen;G1883;11230;JA21;954;1;
Sittard-Geleen;G1883;11230;SP (Socialistische Partij);941;1;
Sittard-Geleen;G1883;11230;Samen Politiek Actief (S.P.A.);804;;
Sittard-Geleen;G1883;11230;Partij voor de Dieren;778;;
Sittard-Geleen;G1883;11230;Democratisch Burger Belang sgb;353;;
Sittard-Geleen;G1883;11230;Partij voor de Rechtsstaat;156;;
Sliedrecht;G0610;11331;SGP-ChristenUnie;3507;7;
Sliedrecht;G0610;11331;Slydregt.NU;3491;6;
Sliedrecht;G0610;11331;PRO Sliedrecht;2289;4;
Sliedrecht;G0610;11331;CDA;1319;2;
Sliedrecht;G0610;11331;GROENLINKS / Partij van de Arbeid (PvdA);804;1;
Sliedrecht;G0610;11331;VVD;765;1;
Sliedrecht;G0610;11331;D66;359;;
Sluis;G1714;10895;Sluis Lokaal;2324;5;
Sluis;G1714;10895;VVD;1777;4;
Sluis;G1714;10895;Partij van de Arbeid (PvdA);1251;2;
Sluis;G1714;10895;CDA;1243;2;
Sluis;G1714;10895;Forum voor Democratie;1171;2;
Sluis;G1714;10895;BBB;932;2;
Sluis;G1714;10895;GROENLINKS;528;1;
Sluis;G1714;10895;Politieke Vereniging Lijst Babijn;433;1;
Sluis;G1714;10895;SP (Socialistische Partij);401;;
Smallingerland;G0090;10405;CDA;3553;5;
Smallingerland;G0090;10405;GROENLINKS / Partij van de Arbeid (PvdA);3493;5;
Smallingerland;G0090;10405;Smallingerlands Belang;3111;4;
Smallingerland;G0090;10405;Eérste Lokale Partij (ELP);2950;4;
Smallingerland;G0090;10405;ChristenUnie;2472;3;
Smallingerland;G0090;10405;VVD;2320;3;
Smallingerland;G0090;10405;FNP;1866;2;
Smallingerland;G0090;10405;D66;1645;2;
Smallingerland;G0090;10405;SP (Socialistische Partij);1291;2;
Smallingerland;G0090;10405;Staatkundig Gereformeerde Partij (SGP);762;1;
Soest;G0342;11021;Soest 2002;4079;6;
Soest;G0342;11021;GROENLINKS / Partij van de Arbeid (PvdA);3861;5;
Soest;G0342;11021;VVD;3068;4;
Soest;G0342;11021;D66;2377;3;
Soest;G0342;11021;POS;2217;3;
Soest;G0342;11021;Gemeentebelangen Groen Soest;1740;2;
Soest;G0342;11021;Forum voor Democratie;1561;2;
Soest;G0342;11021;CDA;1268;1;
Soest;G0342;11021;Partij voor de Dieren;1024;1;
Soest;G0342;11021;ChristenUnie;704;1;
Soest;G0342;11021;Volt;661;1;
Soest;G0342;11021;BBS-SGP;616;;
Someren;G0847;10203;Gemeenschapslijst;2424;5;
Someren;G0847;10203;CDA;2044;5;
Someren;G0847;10203;Wij Zijn Someren / VVD;1666;4;
Someren;G0847;10203;LSH;1346;3;
Someren;G0847;10203;SDS & GL/PvdA;1174;2;
Someren;G0847;10203;Someren voor Elkaar;334;;
Son en Breugel;G0848;10549;DORPSVISIE;2178;5;
Son en Breugel;G0848;10549;VVD;2089;5;
Son en Breugel;G0848;10549;CDA;1446;3;
Son en Breugel;G0848;10549;D66;1073;2;
Son en Breugel;G0848;10549;GROENLINKS / Partij van de Arbeid (PvdA);973;2;
Son en Breugel;G0848;10549;Zij aan Zet;209;;
Stadskanaal;G0037;10610;PVV (Partij voor de Vrijheid);2376;5;
Stadskanaal;G0037;10610;Lokaal Betrokken;2250;4;
Stadskanaal;G0037;10610;CDA;2076;4;
Stadskanaal;G0037;10610;Partij van de Arbeid (PvdA) / GROENLINKS;1411;3;
Stadskanaal;G0037;10610;ChristenUnie;1400;2;
Stadskanaal;G0037;10610;VVD;1009;2;
Stadskanaal;G0037;10610;SP (Socialistische Partij);634;1;
Stadskanaal;G0037;10610;D66;611;1;
Stadskanaal;G0037;10610;Staatkundig Gereformeerde Partij (SGP);512;1;
Stadskanaal;G0037;10610;Partij voor de Rechtsstaat;70;;
Staphorst;G0180;11362;Staatkundig Gereformeerde Partij (SGP);3768;6;
Staphorst;G0180;11362;ChristenUnie;2219;4;
Staphorst;G0180;11362;CDA;1569;2;
Staphorst;G0180;11362;Forum voor Democratie;1512;2;
Staphorst;G0180;11362;Gemeentebelangen Staphorst;1083;2;
Staphorst;G0180;11362;Partij van de Arbeid (PvdA)/GROENLINKS;477;1;
Stede Broec;G0532;11337;Rechts Stede Broec;2718;6;
Stede Broec;G0532;11337;Open en Duidelijk Stede Broec;2695;5;
Stede Broec;G0532;11337;CDA;1542;3;
Stede Broec;G0532;11337;VVD;1438;3;
Stede Broec;G0532;11337;GROENLINKS / Partij van de Arbeid (PvdA);768;1;
Stede Broec;G0532;11337;Stem van Stede Broec;640;1;
Stede Broec;G0532;11337;SP (Socialistische Partij);271;;
Steenbergen;G0851;10731;Volkspartij;1952;4;
Steenbergen;G0851;10731;PVV (Partij voor de Vrijheid);1916;4;
Steenbergen;G0851;10731;Gewoon Lokaal!;1646;4;
Steenbergen;G0851;10731;VVD;1205;2;
Steenbergen;G0851;10731;Progressief Samen;781;1;
Steenbergen;G0851;10731;CDA;745;1;
Steenbergen;G0851;10731;Stem0167;576;1;
Steenbergen;G0851;10731;Blanco (lijst 8);481;1;
Steenbergen;G0851;10731;D66;441;1;
Steenbergen;G0851;10731;Voor Alle Kernen (VAK);408;;
Steenbergen;G0851;10731;Vanuit de Kern;364;;
Steenwijkerland;G1708;10546;BuitenGewoon Leefbaar;4886;7;
Steenwijkerland;G1708;10546;Forum voor Democratie;3091;4;
Steenwijkerland;G1708;10546;GROENLINKS / Partij van de Arbeid (PvdA);2722;4;
Steenwijkerland;G1708;10546;Christelijke Partij Burgerbelangen (CPB);2685;4;
Steenwijkerland;G1708;10546;VVD;2265;3;
Steenwijkerland;G1708;10546;CDA;1955;3;
Steenwijkerland;G1708;10546;D66;1417;2;
Steenwijkerland;G1708;10546;ChristenUnie;1229;1;
Steenwijkerland;G1708;10546;STEM Steenwijkerland;954;1;
Steenwijkerland;G1708;10546;Veur Elkaar;389;;
Steenwijkerland;G1708;10546;PVBNI;181;;
Stein;G0971;11319;Communiceren Met Burgers (CMB);4128;8;
Stein;G0971;11319;DOS (Democratisch Onafhankelijken Stein);3820;7;
Stein;G0971;11319;VVD;997;2;
Stein;G0971;11319;GROENLINKS / Partij van de Arbeid (PvdA);963;1;
Stein;G0971;11319;Politieke vereniging Steins Belang;816;1;
Stichtse Vecht;G1904;10191;Lokaal Liberaal;7634;10;
Stichtse Vecht;G1904;10191;GROENLINKS / Partij van de Arbeid (PvdA);4384;5;
Stichtse Vecht;G1904;10191;D66;4184;5;
Stichtse Vecht;G1904;10191;Streekbelangen;3864;5;
Stichtse Vecht;G1904;10191;VVD;2775;3;
Stichtse Vecht;G1904;10191;CDA;2620;3;
Stichtse Vecht;G1904;10191;ChristenUnie-SGP;1432;1;
Stichtse Vecht;G1904;10191;PVV (Partij voor de Vrijheid);1235;1;
Stichtse Vecht;G1904;10191;Samen Stichtse Vecht;759;;
Stichtse Vecht;G1904;10191;Het Vechtse Verbond;749;;
Stichtse Vecht;G1904;10191;SP (Socialistische Partij);457;;
Súdwest-Fryslân;G1900;11421;CDA;9433;9;
Súdwest-Fryslân;G1900;11421;GROENLINKS / Partij van de Arbeid (PvdA);6989;7;
Súdwest-Fryslân;G1900;11421;FNP;4794;4;
Súdwest-Fryslân;G1900;11421;Forum voor Democratie;3769;3;
Súdwest-Fryslân;G1900;11421;VVD;3767;3;
Súdwest-Fryslân;G1900;11421;D66;3209;3;
Súdwest-Fryslân;G1900;11421;BBB;2754;2;
Súdwest-Fryslân;G1900;11421;Gemeentebelangen;2589;2;
Súdwest-Fryslân;G1900;11421;PVV (Partij voor de Vrijheid);2166;2;
Súdwest-Fryslân;G1900;11421;ChristenUnie;1210;1;
Súdwest-Fryslân;G1900;11421;SP (Socialistische Partij);1140;1;
Súdwest-Fryslân;G1900;11421;NIEUW SOCIAAL;885;;
Terneuzen;G0715;10704;PVV (Partij voor de Vrijheid);4014;7;
Terneuzen;G0715;10704;TOP/GEMEENTEBELANGEN;3526;6;
Terneuzen;G0715;10704;CDA;2827;4;
Terneuzen;G0715;10704;Partij van de Arbeid (PvdA) - GROENLINKS;2100;3;
Terneuzen;G0715;10704;VVD;1713;3;
Terneuzen;G0715;10704;Staatkundig Gereformeerde Partij (SGP);1349;2;
Terneuzen;G0715;10704;Hart voor Terneuzen;1005;1;
Terneuzen;G0715;10704;D66;952;1;
Terneuzen;G0715;10704;ChristenUnie;915;1;
Terneuzen;G0715;10704;SP (Socialistische Partij);676;1;
Terneuzen;G0715;10704;Sociaal Democraten Terneuzen;659;1;
Terneuzen;G0715;10704;Sociaal Terneuzen;589;1;
Terneuzen;G0715;10704;50PLUS;560;;
Terneuzen;G0715;10704;Terneuzen Sterk;394;;
Terneuzen;G0715;10704;Belang Van Nederland (BVNL);319;;
Terschelling;G0093;11210;Leefbaar Terschelling;612;2;
Terschelling;G0093;11210;Plaatselijk Belang Terschelling;610;2;
Terschelling;G0093;11210;VVD;484;2;
Terschelling;G0093;11210;Samen Terschelling;439;2;
Terschelling;G0093;11210;Partij van de Arbeid (PvdA);394;2;
Terschelling;G0093;11210;CDA;266;1;
Texel;G0448;10237;Hart voor Texel;1839;4;
Texel;G0448;10237;VVD;1437;3;
Texel;G0448;10237;Texels Belang;1294;2;
Texel;G0448;10237;Partij van de Arbeid (PvdA);994;2;
Texel;G0448;10237;GROENLINKS;976;2;
Texel;G0448;10237;D66;528;1;
Texel;G0448;10237;CDA;472;1;
Texel;G0448;10237;SP (Socialistische Partij);260;;
Teylingen;G1525;10017;D66;2993;4;
Teylingen;G1525;10017;VVD;2952;4;
Teylingen;G1525;10017;CDA;2804;4;
Teylingen;G1525;10017;GROENLINKS / Partij van de Arbeid (PvdA);2673;4;
Teylingen;G1525;10017;Forum voor Democratie;2389;3;
Teylingen;G1525;10017;Partij voor Teylingen;1868;2;
Teylingen;G1525;10017;Teylingen Met Elkaar;1700;2;
Teylingen;G1525;10017;Trilokaal;1393;2;
Teylingen;G1525;10017;ChristenUnie;475;;
Tholen;G0716;10376;Staatkundig Gereformeerde Partij (SGP);4208;8;
Tholen;G0716;10376;Forum voor Democratie;1920;3;
Tholen;G0716;10376;ChristenUnie;1484;3;
Tholen;G0716;10376;Algemeen Belang Tholen;1477;2;
Tholen;G0716;10376;CDA;1475;2;
Tholen;G0716;10376;VVD;1336;2;
Tholen;G0716;10376;Partij van de Arbeid (PvdA);571;1;
Tholen;G0716;10376;GROENLINKS;371;;
Tholen;G0716;10376;SP (Socialistische Partij);316;;
Tiel;G0281;10027;Partij Van De Burgers (PVDB);4536;8;
Tiel;G0281;10027;GROENLINKS / Partij van de Arbeid (PvdA);3090;6;
Tiel;G0281;10027;VVD;2079;4;
Tiel;G0281;10027;Forum voor Democratie;2005;3;
Tiel;G0281;10027;D66;1789;3;
Tiel;G0281;10027;CDA;1633;3;
Tiel;G0281;10027;ChristenUnie;416;;
Tiel;G0281;10027;ELLECT;59;;
Tilburg;G0855;10792;Lijst Smolders Tilburg (LST);14353;8;
Tilburg;G0855;10792;GROENLINKS / Partij van de Arbeid (PvdA);13750;8;
Tilburg;G0855;10792;VVD;11495;7;
Tilburg;G0855;10792;D66;10218;6;
Tilburg;G0855;10792;50PLUS;6481;4;
Tilburg;G0855;10792;CDA;6228;3;
Tilburg;G0855;10792;Lokaal Tilburg;4153;2;
Tilburg;G0855;10792;Forum voor Democratie;3417;2;
Tilburg;G0855;10792;Partij voor de Dieren;2974;1;
Tilburg;G0855;10792;SP (Socialistische Partij);2921;1;
Tilburg;G0855;10792;DENK;2506;1;
Tilburg;G0855;10792;ONS Tilburg;2479;1;
Tilburg;G0855;10792;VoorTilburg013;1788;1;
Tilburg;G0855;10792;Volt;1201;;
Tilburg;G0855;10792;BBB;577;;
Tubbergen;G0183;10694;CDA;4439;8;
Tubbergen;G0183;10694;Keerpunt22;2741;5;
Tubbergen;G0183;10694;Gemeentebelangen-VVD;2110;4;
Tubbergen;G0183;10694;GROENLINKS / Partij van de Arbeid (PvdA);1168;2;
Twenterand;G1700;10643;Gemeente Belangen Twenterand;3968;6;
Twenterand;G1700;10643;CDA;3079;5;
Twenterand;G1700;10643;ChristenUnie;2365;3;
Twenterand;G1700;10643;PVV (Partij voor de Vrijheid);1887;3;
Twenterand;G1700;10643;Staatkundig Gereformeerde Partij (SGP);1811;3;
Twenterand;G1700;10643;Partij voor Twenterand;1139;1;
Twenterand;G1700;10643;Partij van de Arbeid (PvdA) / GROENLINKS;849;1;
Twenterand;G1700;10643;VVD;645;1;
Tynaarlo;G1730;10002;D66;2840;4;
Tynaarlo;G1730;10002;GROENLINKS;2602;4;
Tynaarlo;G1730;10002;LEEFBAAR GEMEENTEBELANGEN;2323;3;
Tynaarlo;G1730;10002;Tynaarlo Vooruit;2287;3;
Tynaarlo;G1730;10002;VVD;2141;3;
Tynaarlo;G1730;10002;Partij van de Arbeid (PvdA);1775;3;
Tynaarlo;G1730;10002;Liberaal Tynaarlo.Nu;1675;2;
Tynaarlo;G1730;10002;CDA;1166;2;
Tynaarlo;G1730;10002;ChristenUnie;803;1;
Tynaarlo;G1730;10002;Blanco (lijst 9);75;;
Tytsjerksteradiel;G0737;11241;CDA;3234;5;
Tytsjerksteradiel;G0737;11241;Better Foar Tytsjerksteradiel;3092;5;
Tytsjerksteradiel;G0737;11241;FNP;2545;4;
Tytsjerksteradiel;G0737;11241;Partij van de Arbeid (PvdA)/GROENLINKS;2450;4;
Tytsjerksteradiel;G0737;11241;VVD;2188;3;
Tytsjerksteradiel;G0737;11241;ChristenUnie;1211;1;
Tytsjerksteradiel;G0737;11241;D66;894;1;
Uitgeest;G0450;11238;Onafhankelijk Uitgeest;1368;3;
Uitgeest;G0450;11238;Progressief Uitgeest;1341;3;
Uitgeest;G0450;11238;D66;1269;3;
Uitgeest;G0450;11238;CDA;871;2;
Uitgeest;G0450;11238;VVD;800;2;
Uitgeest;G0450;11238;GROENLINKS - PvdA;789;1;
Uitgeest;G0450;11238;Uitgeest Lokaal;445;1;
Uithoorn;G0451;11206;VVD;3199;7;
Uithoorn;G0451;11206;Gemeentebelangen;2993;6;
Uithoorn;G0451;11206;DUS! GroenLinks en D66;2518;5;
Uithoorn;G0451;11206;CDA;1968;4;
Uithoorn;G0451;11206;Partij van de Arbeid (PvdA);898;1;
Urk;G0184;10783;Staatkundig Gereformeerde Partij (SGP);3619;7;
Urk;G0184;10783;CDA;1584;3;
Urk;G0184;10783;Hart voor Urk;1457;3;
Urk;G0184;10783;ChristenUnie;1436;2;
Urk;G0184;10783;Blanco (lijst 7);799;1;
Urk;G0184;10783;Gemeentebelangen;789;1;
Urk;G0184;10783;Krachtig Urk;646;1;
Urk;G0184;10783;Forum voor Democratie;620;1;
Utrecht;G0344;10722;GROENLINKS / Partij van de Arbeid (PvdA);46658;14;
Utrecht;G0344;10722;D66;31928;9;
Utrecht;G0344;10722;VVD;19080;5;
Utrecht;G0344;10722;CDA;10394;3;
Utrecht;G0344;10722;Partij voor de Dieren;8953;2;
Utrecht;G0344;10722;DENK;8089;2;
Utrecht;G0344;10722;Volt;6426;1;
Utrecht;G0344;10722;Student & Starter;6101;1;
Utrecht;G0344;10722;BIJ1;5109;1;
Utrecht;G0344;10722;ChristenUnie;4540;1;
Utrecht;G0344;10722;JA21;4393;1;
Utrecht;G0344;10722;EenUtrecht;4130;1;
Utrecht;G0344;10722;Stadsbelang Utrecht;3756;1;
Utrecht;G0344;10722;Forum voor Democratie;3705;1;
Utrecht;G0344;10722;Utrecht Solidair;3669;1;
Utrecht;G0344;10722;UtrechtNu!;3301;1;
Utrecht;G0344;10722;SP (Socialistische Partij);2776;;
Utrecht;G0344;10722;Blanco (lijst 20);2464;;
Utrecht;G0344;10722;PVV (Partij voor de Vrijheid);2151;;
Utrecht;G0344;10722;Blanco (lijst 18);39;;
Utrechtse Heuvelrug;G1581;10777;BVHlokaal;6040;7;
Utrechtse Heuvelrug;G1581;10777;GROENLINKS / Partij van de Arbeid (PvdA);4691;6;
Utrechtse Heuvelrug;G1581;10777;D66;4362;5;
Utrechtse Heuvelrug;G1581;10777;VVD;3669;4;
Utrechtse Heuvelrug;G1581;10777;CDA;3427;4;
Utrechtse Heuvelrug;G1581;10777;Staatkundig Gereformeerde Partij (SGP);1765;2;
Utrechtse Heuvelrug;G1581;10777;Partij voor de Dieren;1580;2;
Utrechtse Heuvelrug;G1581;10777;ChristenUnie;806;1;
Vaals;G0981;10007;Visie Vaals (ViVa);1218;5;
Vaals;G0981;10007;Nuj Lies Vroemen;661;3;
Vaals;G0981;10007;CDA;642;2;
Vaals;G0981;10007;Lokaal!;419;2;
Vaals;G0981;10007;GROENLINKS-PvdA;307;1;
Vaals;G0981;10007;Het Alternatief;275;1;
Vaals;G0981;10007;Groep Groen;198;1;
Valkenburg aan de Geul;G0994;11077;Algemeen Belang;2883;6;
Valkenburg aan de Geul;G0994;11077;VVD;1749;4;
Valkenburg aan de Geul;G0994;11077;PGP (Progressieve Groene Partij);1242;3;
Valkenburg aan de Geul;G0994;11077;Valkenburgse Senioren Partij (VSP);1143;2;
Valkenburg aan de Geul;G0994;11077;CDA;912;2;
Valkenswaard;G0858;11031;Vote (Valkenswaard Onze Toekomst Eén);3990;7;
Valkenswaard;G0858;11031;H&G;2579;5;
Valkenswaard;G0858;11031;Valkenswaard Lokaal;1818;3;
Valkenswaard;G0858;11031;CDA;1518;2;
Valkenswaard;G0858;11031;Forum voor Democratie;1368;2;
Valkenswaard;G0858;11031;GROENLINKS / Partij van de Arbeid (PvdA);1305;2;
Valkenswaard;G0858;11031;VVD;993;1;
Valkenswaard;G0858;11031;D66;803;1;
Veendam;G0047;11292;GemeenteBelangen Veendam (GB);2930;7;
Veendam;G0047;11292;GROENLINKS / Partij van de Arbeid (PvdA);2055;4;
Veendam;G0047;11292;VVD;1282;3;
Veendam;G0047;11292;SP (Socialistische Partij);1239;2;
Veendam;G0047;11292;D66;618;1;
Veendam;G0047;11292;CDA;613;1;
Veendam;G0047;11292;Veuruutkiek (VUK);605;1;
Veendam;G0047;11292;ChristenUnie;485;1;
Veendam;G0047;11292;Voorons Veendam;463;1;
Veendam;G0047;11292;DURF;278;;
Veenendaal;G0345;11052;ProVeenendaal;5592;6;
Veenendaal;G0345;11052;Lokaal Veenendaal;5471;6;
Veenendaal;G0345;11052;ChristenUnie;5270;6;
Veenendaal;G0345;11052;Staatkundig Gereformeerde Partij (SGP);4812;6;
Veenendaal;G0345;11052;CDA;2893;3;
Veenendaal;G0345;11052;VVD;2537;3;
Veenendaal;G0345;11052;GROENLINKS / Partij van de Arbeid (PvdA);2216;2;
Veenendaal;G0345;11052;D66;1901;2;
Veenendaal;G0345;11052;SP (Socialistische Partij);825;1;
Veere;G0717;10369;Samen voor Veere;2732;4;
Veere;G0717;10369;Staatkundig Gereformeerde Partij (SGP);2364;4;
Veere;G0717;10369;CDA;2072;3;
Veere;G0717;10369;GROENLINKS / Partij van de Arbeid (PvdA);1669;3;
Veere;G0717;10369;VVD;1431;2;
Veere;G0717;10369;D66;1122;2;
Veere;G0717;10369;ChristenUnie;618;1;
Veere;G0717;10369;Belang Van Nederland (BVNL);507;;
Veldhoven;G0861;10071;Hart voor Veldhoven;5518;9;
Veldhoven;G0861;10071;Gemeente Belangen Veldhoven (GBV);3545;5;
Veldhoven;G0861;10071;VVD;2934;4;
Veldhoven;G0861;10071;D66;2052;3;
Veldhoven;G0861;10071;GROENLINKS / Partij van de Arbeid (PvdA);1898;3;
Veldhoven;G0861;10071;SENIOREN VELDHOVEN;1359;2;
Veldhoven;G0861;10071;CDA;1282;2;
Veldhoven;G0861;10071;SP (Socialistische Partij);630;1;
Velsen;G0453;10620;Forum voor Democratie;5996;8;
Velsen;G0453;10620;D66;4621;6;
Velsen;G0453;10620;Velsen Lokaal;4064;5;
Velsen;G0453;10620;VVD;3677;4;
Velsen;G0453;10620;Sterk Velsen;2770;3;
Velsen;G0453;10620;GROENLINKS;2615;3;
Velsen;G0453;10620;Partij van de Arbeid (PvdA);2112;2;
Velsen;G0453;10620;CDA;1640;2;
Velsen;G0453;10620;Liberaal Blauw;1037;1;
Velsen;G0453;10620;ChristenUnie;912;1;
Venlo;G0983;10477;CDA;7057;7;
Venlo;G0983;10477;GROENLINKS / Partij van de Arbeid (PvdA);6155;6;
Venlo;G0983;10477;EENLokaal;5876;6;
Venlo;G0983;10477;Venloos Burger Initiatief (VBI);3835;4;
Venlo;G0983;10477;D66;2889;3;
Venlo;G0983;10477;VSP (Venlose Senioren Partij);2746;3;
Venlo;G0983;10477;PVV (Partij voor de Vrijheid);2444;2;
Venlo;G0983;10477;Veur Groeët Venlo;2419;2;
Venlo;G0983;10477;VVD;2362;2;
Venlo;G0983;10477;Forum voor Democratie;2097;2;
Venlo;G0983;10477;DENK;1212;1;
Venlo;G0983;10477;SP (Socialistische Partij);998;1;
Venray;G0984;11222;CDA;3757;6;
Venray;G0984;11222;VENRAY Lokaal;2832;5;
Venray;G0984;11222;VVD;2597;4;
Venray;G0984;11222;D66;2493;4;
Venray;G0984;11222;BBB;1906;3;
Venray;G0984;11222;GROENLINKS / Partij van de Arbeid (PvdA);1802;3;
Venray;G0984;11222;Samenwerking Venray;1582;2;
Venray;G0984;11222;SP (Socialistische Partij);767;1;
Venray;G0984;11222;Eerlijk Venray;627;1;
Vijfheerenlanden;G1961;10685;CDA;5306;7;
Vijfheerenlanden;G1961;10685;Staatkundig Gereformeerde Partij (SGP);3878;5;
Vijfheerenlanden;G1961;10685;VHL Lokaal;3608;5;
Vijfheerenlanden;G1961;10685;VVD;3027;4;
Vijfheerenlanden;G1961;10685;Partij van de Arbeid (PvdA);2623;3;
Vijfheerenlanden;G1961;10685;D66;2447;3;
Vijfheerenlanden;G1961;10685;Hart voor Vijfheerenlanden;2054;3;
Vijfheerenlanden;G1961;10685;ChristenUnie;1919;2;
Vijfheerenlanden;G1961;10685;BBV - BBB;1141;1;
Vlaardingen;G0622;10811;ONS.Vlaardingen;7508;11;
Vlaardingen;G0622;10811;GROENLINKS / Partij van de Arbeid (PvdA);3629;5;
Vlaardingen;G0622;10811;VV2000/Leefbaar Vlaardingen;2311;3;
Vlaardingen;G0622;10811;D66;2038;3;
Vlaardingen;G0622;10811;VVD;1901;2;
Vlaardingen;G0622;10811;HEEL DE STAD;1888;2;
Vlaardingen;G0622;10811;DENK;1691;2;
Vlaardingen;G0622;10811;CDA;1606;2;
Vlaardingen;G0622;10811;Beter voor Vlaardingen;1284;2;
Vlaardingen;G0622;10811;ChristenUnie-SGP;1095;1;
Vlaardingen;G0622;10811;50PLUS;986;1;
Vlaardingen;G0622;10811;SP (Socialistische Partij);783;1;
Vlaardingen;G0622;10811;Algemeen Ouderen Verbond (AOV);509;;
Vlieland;G0096;10211;Nieuw Liberaal Vlieland;239;4;
Vlieland;G0096;10211;GroenWit;162;2;
Vlieland;G0096;10211;Lijst Fier;162;2;
Vlieland;G0096;10211;Algemeen Belang Vlieland;90;1;
Vlissingen;G0718;10270;GROENLINKS / Partij van de Arbeid (PvdA);1940;4;
Vlissingen;G0718;10270;Partij Souburg-Ritthem;1868;3;
Vlissingen;G0718;10270;Lokale Partij Vlissingen;1700;3;
Vlissingen;G0718;10270;Forum voor Democratie;1579;3;
Vlissingen;G0718;10270;D66;1437;3;
Vlissingen;G0718;10270;VVD;1405;3;
Vlissingen;G0718;10270;Staatkundig Gereformeerde Partij (SGP);1281;2;
Vlissingen;G0718;10270;POV perspectief op Vlissingen!;1117;2;
Vlissingen;G0718;10270;CDA;1068;2;
Vlissingen;G0718;10270;50PLUS;1062;2;
Vlissingen;G0718;10270;SP (Socialistische Partij);615;1;
Vlissingen;G0718;10270;Pro Vlissingen;557;1;
Vlissingen;G0718;10270;ChristenUnie;451;;
Vlissingen;G0718;10270;Souburgs Belang;410;;
Voerendaal;G0986;11341;Democraten Voerendaal;1907;5;
Voerendaal;G0986;11341;Voerendaal Actief;1031;3;
Voerendaal;G0986;11341;D66;918;2;
Voerendaal;G0986;11341;CDA;892;2;
Voerendaal;G0986;11341;GROENLINKS / Partij van de Arbeid (PvdA);650;2;
Voerendaal;G0986;11341;VVD;596;1;
Voorne aan Zee;G1992;;VVD;5006;6;
Voorne aan Zee;G1992;;Inwonersbelang Voorne;3869;5;
Voorne aan Zee;G1992;;Forum voor Democratie;3526;4;
Voorne aan Zee;G1992;;Partij Voorne aan Zee;3269;4;
Voorne aan Zee;G1992;;GROENLINKS/Partij van de Arbeid (PvdA);3111;4;
Voorne aan Zee;G1992;;Belang van Nederland (BVNL);2764;3;
Voorne aan Zee;G1992;;CDA;2276;3;
Voorne aan Zee;G1992;;ECHT voor Voorne;1977;2;
Voorne aan Zee;G1992;;D66;1795;2;
Voorne aan Zee;G1992;;Partij met Lef!;1389;1;
Voorne aan Zee;G1992;;ONS Voorne;978;1;
Voorne aan Zee;G1992;;SP (Socialistische Partij);665;;
Voorne aan Zee;G1992;;LEF - Voor de Nieuwe Generatie;105;;
Voorschoten;G0626;10537;GROENLINKS / Partij van de Arbeid (PvdA);2926;5;
Voorschoten;G0626;10537;VVD;2763;5;
Voorschoten;G0626;10537;Voorschoten Lokaal;2172;3;
Voorschoten;G0626;10537;D66;2048;3;
Voorschoten;G0626;10537;CDA;1597;2;
Voorschoten;G0626;10537;Forum voor Democratie;1223;2;
Voorschoten;G0626;10537;SP (Socialistische Partij);556;1;
Voorst;G0285;10912;Gemeente Belangen;3034;5;
Voorst;G0285;10912;VoortvArend Voorst;2708;5;
Voorst;G0285;10912;GROENLINKS / Partij van de Arbeid (PvdA);1580;3;
Voorst;G0285;10912;Lokaal Liberaal;1533;2;
Voorst;G0285;10912;CDA;1406;2;
Voorst;G0285;10912;VVD;1282;2;
Voorst;G0285;10912;D66;892;1;
Voorst;G0285;10912;Staatkundig Gereformeerde Partij (SGP);581;1;
Vught;G0865;11224;Gemeentebelangen;4222;7;
Vught;G0865;11224;D66;3083;5;
Vught;G0865;11224;VVD;2706;4;
Vught;G0865;11224;PvdA-GroenLinks;2173;3;
Vught;G0865;11224;CDA;1333;2;
Vught;G0865;11224;SamenLokaal;1198;1;
Vught;G0865;11224;SP (Socialistische Partij);640;1;
Waadhoeke;G1949;10404;SAM Waadhoeke;4932;7;
Waadhoeke;G1949;10404;Gemeentebelangen;3943;6;
Waadhoeke;G1949;10404;CDA;3712;6;
Waadhoeke;G1949;10404;VVD;2887;4;
Waadhoeke;G1949;10404;BBB;2150;3;
Waadhoeke;G1949;10404;FNP;1811;2;
Waadhoeke;G1949;10404;ChristenUnie;734;1;
Waalre;G0866;10959;D66;1720;3;
Waalre;G0866;10959;VVD;1541;3;
Waalre;G0866;10959;GROENLINKS/ Partij van de Arbeid (PvdA);1438;3;
Waalre;G0866;10959;Aalst Waalre Belang (AWB);1338;3;
Waalre;G0866;10959;CDA;1285;3;
Waalre;G0866;10959;ZW14;805;2;
Waalwijk;G0867;11359;VVD;4808;9;
Waalwijk;G0867;11359;Lokaal Belang;4775;9;
Waalwijk;G0867;11359;Samen Waalwijk;3155;5;
Waalwijk;G0867;11359;GroenLinksaf;1998;3;
Waalwijk;G0867;11359;CDA;1225;2;
Waalwijk;G0867;11359;Staatkundig Gereformeerde Partij (SGP);1121;2;
Waalwijk;G0867;11359;D66;1005;1;
Waalwijk;G0867;11359;ChristenUnie;481;;
Waddinxveen;G0627;10081;WEWA (Weerbaar Waddinxveen);4053;7;
Waddinxveen;G0627;10081;PCW | www.kiespcw.nl;3764;7;
Waddinxveen;G0627;10081;VVD;2309;4;
Waddinxveen;G0627;10081;CDA;1560;3;
Waddinxveen;G0627;10081;GROENLINKS / Partij van de Arbeid (PvdA);1546;2;
Waddinxveen;G0627;10081;D66;1258;2;
Wageningen;G0289;11010;GROENLINKS / Partij van de Arbeid (PvdA);7271;10;
Wageningen;G0289;11010;Stadspartij Wageningen;4364;6;
Wageningen;G0289;11010;D66;3541;5;
Wageningen;G0289;11010;Partij voor de Dieren;1693;2;
Wageningen;G0289;11010;CDA;1384;1;
Wageningen;G0289;11010;VVD;1370;1;
Wageningen;G0289;11010;ChristenUnie;1185;1;
Wageningen;G0289;11010;Connect-Volt;1091;1;
Wassenaar;G0629;10164;VVD;3846;8;
Wassenaar;G0629;10164;Hart voor Wasssenaar;2315;4;
Wassenaar;G0629;10164;D66;1331;2;
Wassenaar;G0629;10164;Lokaal Wassenaar!;1290;2;
Wassenaar;G0629;10164;GROENLINKS / Partij van de Arbeid (PvdA);1107;2;
Wassenaar;G0629;10164;Forum voor Democratie;907;1;
Wassenaar;G0629;10164;Democratische Liberalen Wassenaar (DLW);869;1;
Wassenaar;G0629;10164;CDA;802;1;
Wassenaar;G0629;10164;Volt;473;;
Waterland;G0852;10983;GROENLINKS / Partij van de Arbeid (PvdA);2626;5;
Waterland;G0852;10983;VVD;2222;4;
Waterland;G0852;10983;CDA;1963;4;
Waterland;G0852;10983;WaterlandNatuurlijk;1572;3;
Waterland;G0852;10983;D66;808;1;
Weert;G0988;11081;Weert Lokaal;5606;9;
Weert;G0988;11081;OnsWeert;4484;7;
Weert;G0988;11081;DUS Weert;3302;5;
Weert;G0988;11081;VVD;2559;4;
Weert;G0988;11081;GroenLinks / Partij van de Arbeid (PvdA);1792;3;
Weert;G0988;11081;CDA;1709;2;
Weert;G0988;11081;D66;973;1;
West Betuwe;G1960;10881;Dorpsbelangen;7400;10;
West Betuwe;G1960;10881;Staatkundig Gereformeerde Partij (SGP);3788;5;
West Betuwe;G1960;10881;GROENLINKS / Partij van de Arbeid (PvdA);2825;3;
West Betuwe;G1960;10881;VVD;2595;3;
West Betuwe;G1960;10881;Leefbaar Lokaal Belang West Betuwe;2403;3;
West Betuwe;G1960;10881;D66;2021;2;
West Betuwe;G1960;10881;Verenigd West Betuwe;1672;2;
West Betuwe;G1960;10881;ChristenUnie;1611;2;
West Betuwe;G1960;10881;CDA;1438;1;
West Betuwe;G1960;10881;SP (Socialistische Partij);450;;
West Maas en Waal;G0668;10042;FD Partij Beneden-Leeuwen;2133;4;
West Maas en Waal;G0668;10042;F.D. Dreumel;1376;3;
West Maas en Waal;G0668;10042;F.D. Maasdorpen;1304;3;
West Maas en Waal;G0668;10042;VVD;1295;2;
West Maas en Waal;G0668;10042;Sociaal Maas en Waal;1146;2;
West Maas en Waal;G0668;10042;CDA West Maas en Waal;1144;2;
West Maas en Waal;G0668;10042;F.D. Wamel;1020;2;
West Maas en Waal;G0668;10042;F.D. Boven-Leeuwen;645;1;
Westerkwartier;G1969;10604;VZ Westerkwartier;7310;8;
Westerkwartier;G1969;10604;GROENLINKS / Partij van de Arbeid (PvdA);5524;6;
Westerkwartier;G1969;10604;Sterk Westerkwartier;5110;6;
Westerkwartier;G1969;10604;ChristenUnie;3407;4;
Westerkwartier;G1969;10604;CDA;3358;3;
Westerkwartier;G1969;10604;VVD;2526;3;
Westerkwartier;G1969;10604;D66;2375;2;
Westerkwartier;G1969;10604;Staatkundig Gereformeerde Partij (SGP);1027;1;
Westerveld;G1701;10186;D S W / Gemeentebelangen Westerveld;3599;6;
Westerveld;G1701;10186;GroenLinks/ PvdA / Progressief Westerveld;3096;5;
Westerveld;G1701;10186;VVD;1865;3;
Westerveld;G1701;10186;CDA;1357;2;
Westerveld;G1701;10186;Lokaal Sociaal Westerveld (LSW);644;1;
Westervoort;G0293;11085;Wij Westervoort;2530;7;
Westervoort;G0293;11085;GROENLINKS / Partij van de Arbeid (PvdA);1369;4;
Westervoort;G0293;11085;VVD;699;2;
Westervoort;G0293;11085;D66;557;2;
Westervoort;G0293;11085;CDA;546;2;
Westerwolde;G1950;11249;Gemeentebelangen Westerwolde;1969;4;
Westerwolde;G1950;11249;Samen voor Westerwolde;1737;4;
Westerwolde;G1950;11249;CDA;1626;3;
Westerwolde;G1950;11249;PVV (Partij voor de Vrijheid);1322;3;
Westerwolde;G1950;11249;BBB;1112;2;
Westerwolde;G1950;11249;GROENLINKS;858;2;
Westerwolde;G1950;11249;Partij van de Arbeid (PvdA);663;1;
Westerwolde;G1950;11249;D66;599;1;
Westerwolde;G1950;11249;Westerwolde Lokaal;429;1;
Westerwolde;G1950;11249;VVD;388;;
Westland;G1783;11418;Westland Verstandig;10888;9;
Westland;G1783;11418;CDA;9161;7;
Westland;G1783;11418;GemeenteBelang Westland (GBW);8080;7;
Westland;G1783;11418;VVD;5619;4;
Westland;G1783;11418;Forum voor Democratie;4569;3;
Westland;G1783;11418;LPF Westland;3557;3;
Westland;G1783;11418;GROENLINKS / Partij van de Arbeid (PvdA);2818;2;
Westland;G1783;11418;D66;2554;2;
Westland;G1783;11418;50PLUS;2269;1;
Westland;G1783;11418;ChristenUnie-SGP;1811;1;
Weststellingwerf;G0098;11322;Weststellingwerfs Belang;2005;3;
Weststellingwerf;G0098;11322;VVD;1945;3;
Weststellingwerf;G0098;11322;Hart voor Weststellingwerf;1748;3;
Weststellingwerf;G0098;11322;CDA;1646;3;
Weststellingwerf;G0098;11322;Forum voor Democratie;1578;3;
Weststellingwerf;G0098;11322;GROENLINKS-D66;1141;2;
Weststellingwerf;G0098;11322;SDW/PvdA;1085;2;
Weststellingwerf;G0098;11322;Lokaal Rechts Weststellingwerf;646;1;
Weststellingwerf;G0098;11322;BBB;635;1;
Wierden;G0189;10676;Nieuw Enter Wierden;5382;10;
Wierden;G0189;10676;CDA;2505;4;
Wierden;G0189;10676;VVD;1595;3;
Wierden;G0189;10676;Progressief Wierden;1452;2;
Wierden;G0189;10676;ChristenUnie;1032;1;
Wierden;G0189;10676;Staatkundig Gereformeerde Partij (SGP);958;1;
Wijchen;G0296;10723;Kernachtig Wijchen;6350;10;
Wijchen;G0296;10723;Hart voor Wijchen;3044;4;
Wijchen;G0296;10723;GROENLINKS / Partij van de Arbeid (PvdA);2923;4;
Wijchen;G0296;10723;CDA;2481;3;
Wijchen;G0296;10723;VVD;2181;3;
Wijchen;G0296;10723;D66;1467;2;
Wijchen;G0296;10723;Emilia;1011;1;
Wijk bij Duurstede;G0352;10760;Open / GROENLINKS / P.v.d.A.;2878;5;
Wijk bij Duurstede;G0352;10760;Oprechte BurgerBelangen;2386;4;
Wijk bij Duurstede;G0352;10760;Lokaal Liberaal;1812;3;
Wijk bij Duurstede;G0352;10760;VVD;1208;2;
Wijk bij Duurstede;G0352;10760;CDA;1070;2;
Wijk bij Duurstede;G0352;10760;D66;1030;1;
Wijk bij Duurstede;G0352;10760;PCG;851;1;
Wijk bij Duurstede;G0352;10760;SP (Socialistische Partij);541;1;
Winterswijk;G0294;11119;Voor Winterswijk;3581;6;
Winterswijk;G0294;11119;D66;2087;3;
Winterswijk;G0294;11119;Partij van de Arbeid (PvdA);1928;3;
Winterswijk;G0294;11119;SAMEN Winterswijk;1857;3;
Winterswijk;G0294;11119;CDA;1494;2;
Winterswijk;G0294;11119;VVD;1319;2;
Winterswijk;G0294;11119;Lijst 8 Winterswijk;1128;1;
Winterswijk;G0294;11119;Daadkracht.nu;771;1;
Winterswijk;G0294;11119;ORDA/ORP;60;;
Woensdrecht;G0873;10602;Algemeen Belang Zuid-Westhoek;2655;6;
Woensdrecht;G0873;10602;Alle Kernen Troef (A.K.T.);1808;4;
Woensdrecht;G0873;10602;CDA;1622;4;
Woensdrecht;G0873;10602;D66;1140;2;
Woensdrecht;G0873;10602;VVD;837;2;
Woensdrecht;G0873;10602;GROENLINKS / Partij van de Arbeid (PvdA);634;1;
Woerden;G0632;10974;VVD;4634;6;
Woerden;G0632;10974;Inwonersbelangen;4522;6;
Woerden;G0632;10974;Progressief Woerden (PvdA/GroenLinks);4171;5;
Woerden;G0632;10974;CDA;3940;5;
Woerden;G0632;10974;ChristenUnie-SGP;2824;3;
Woerden;G0632;10974;D66;2195;2;
Woerden;G0632;10974;LijstvanderDoes;1982;2;
Woerden;G0632;10974;Volt;938;1;
Woerden;G0632;10974;Woerden & Democratie;869;1;
Wormerland;G0880;10648;VVD;2140;5;
Wormerland;G0880;10648;GROENLINKS;1836;4;
Wormerland;G0880;10648;Partij voor Ouderen en Veiligheid;1725;4;
Wormerland;G0880;10648;Partij van de Arbeid (PvdA);719;2;
Wormerland;G0880;10648;CDA;537;1;
Wormerland;G0880;10648;D66;512;1;
Woudenberg;G0351;11398;GemeenteBelangen Woudenberg;3000;6;
Woudenberg;G0351;11398;Staatkundig Gereformeerde Partij (SGP);2231;5;
Woudenberg;G0351;11398;CDA;1040;2;
Woudenberg;G0351;11398;GROENLINKS - Partij van de Arbeid (PvdA);766;2;
Woudenberg;G0351;11398;ChristenUnie;615;1;
Woudenberg;G0351;11398;VVD;366;1;
Zaanstad;G0479;11044;Lokaal Zaans;10682;8;
Zaanstad;G0479;11044;GROENLINKS / Partij van de Arbeid (PvdA);8924;6;
Zaanstad;G0479;11044;Partij voor Ouderen en Veiligheid;6441;4;
Zaanstad;G0479;11044;VVD;4680;3;
Zaanstad;G0479;11044;PVV (Partij voor de Vrijheid);4195;3;
Zaanstad;G0479;11044;Forum voor Democratie;4123;3;
Zaanstad;G0479;11044;D66;4105;3;
Zaanstad;G0479;11044;ROSA Zaanstad;3799;2;
Zaanstad;G0479;11044;DENK;2942;2;
Zaanstad;G0479;11044;Democratisch Zaanstad;2931;2;
Zaanstad;G0479;11044;Partij voor de Dieren;2071;1;
Zaanstad;G0479;11044;CDA;1939;1;
Zaanstad;G0479;11044;SP (Socialistische Partij);1377;1;
Zaanstad;G0479;11044;ChristenUnie;1184;;
Zaltbommel;G0297;10557;Staatkundig Gereformeerde Partij (SGP);3223;6;
Zaltbommel;G0297;10557;Belang van Nederland (BVNL);2421;4;
Zaltbommel;G0297;10557;VVD;1952;3;
Zaltbommel;G0297;10557;GROENLINKS / Partij van de Arbeid (PvdA);1753;3;
Zaltbommel;G0297;10557;Z.V.V.;1603;2;
Zaltbommel;G0297;10557;D66;1364;2;
Zaltbommel;G0297;10557;CDA;1135;2;
Zaltbommel;G0297;10557;ChristenUnie;914;1;
Zandvoort;G0473;10910;OPZ - Ouderen Partij Zandvoort;1372;3;
Zandvoort;G0473;10910;Jong Zandvoort;1271;3;
Zandvoort;G0473;10910;VVD;1225;3;
Zandvoort;G0473;10910;GROENLINKS / Partij van de Arbeid (PvdA);1068;2;
Zandvoort;G0473;10910;PVV (Partij voor de Vrijheid);851;2;
Zandvoort;G0473;10910;CDA;759;2;
Zandvoort;G0473;10910;D66;699;1;
Zandvoort;G0473;10910;ZEE (Zandvoort Echt Eén);626;1;
Zeewolde;G0050;10012;Leefbaar Zeewolde;2790;5;
Zeewolde;G0050;10012;VVD;2100;4;
Zeewolde;G0050;10012;Zeewolde Liberaal;1523;3;
Zeewolde;G0050;10012;ChristenUnie;1401;3;
Zeewolde;G0050;10012;GROENLINKS /Partij van de Arbeid (PvdA);1028;2;
Zeewolde;G0050;10012;CDA;869;1;
Zeewolde;G0050;10012;D66;623;1;
Zeist;G0355;10324;GROENLINKS / Partij van de Arbeid (PvdA);6511;8;
Zeist;G0355;10324;Zeist Lokaal;5631;7;
Zeist;G0355;10324;D66;5568;6;
Zeist;G0355;10324;VVD;5071;6;
Zeist;G0355;10324;CDA;3107;3;
Zeist;G0355;10324;ChristenUnie-SGP;1587;1;
Zeist;G0355;10324;Volt;1417;1;
Zeist;G0355;10324;SP (Socialistische Partij);979;1;
Zeist;G0355;10324;GROENE ALLIANTIE;785;;
Zeist;G0355;10324;Blanco (lijst 9);238;;
Zevenaar;G0299;10938;CDA;3867;6;
Zevenaar;G0299;10938;Lokaal Belang;3655;6;
Zevenaar;G0299;10938;Forum voor Democratie;2670;4;
Zevenaar;G0299;10938;VVD;2245;3;
Zevenaar;G0299;10938;WijZZ;1905;3;
Zevenaar;G0299;10938;GROENLINKS;1479;2;
Zevenaar;G0299;10938;Partij van de Arbeid (PvdA);1439;2;
Zevenaar;G0299;10938;D66;1438;2;
Zevenaar;G0299;10938;Sociaal Zevenaar;673;1;
Zevenaar;G0299;10938;Blanco (lijst 10);242;;
Zoetermeer;G0637;10766;PVV (Partij voor de Vrijheid);6914;6;
Zoetermeer;G0637;10766;GROENLINKS / Partij van de Arbeid (PvdA);6486;6;
Zoetermeer;G0637;10766;VVD;6448;6;
Zoetermeer;G0637;10766;D66;6224;5;
Zoetermeer;G0637;10766;LHN;4247;3;
Zoetermeer;G0637;10766;CDA;3552;3;
Zoetermeer;G0637;10766;PDvZ;2812;2;
Zoetermeer;G0637;10766;ChristenUnie-SGP;2409;2;
Zoetermeer;G0637;10766;Zó! Zoetermeer;2368;2;
Zoetermeer;G0637;10766;Zoetermeer Vooruit;2331;2;
Zoetermeer;G0637;10766;50PLUS;2091;1;
Zoetermeer;G0637;10766;SP (Socialistische Partij);1339;1;
Zoetermeer;G0637;10766;Nieuw Sociaal Contract;367;;
Zoeterwoude;G0638;11074;CDA;1695;5;
Zoeterwoude;G0638;11074;Progressief Zoeterwoude (PZ);1636;5;
Zoeterwoude;G0638;11074;VVD;617;2;
Zoeterwoude;G0638;11074;Belang van Zoeterwoude (BvZ);615;2;
Zoeterwoude;G0638;11074;Zoeterwoude Zelfstandig Vooruit (ZZV);600;1;
Zuidplas;G1892;10855;ChristenUnie-SGP;3535;5;
Zuidplas;G1892;10855;VVD;3523;5;
Zuidplas;G1892;10855;Platform Zuidplas;3298;5;
Zuidplas;G1892;10855;Forum voor Democratie;2532;4;
Zuidplas;G1892;10855;D66;2473;3;
Zuidplas;G1892;10855;Nieuw Elan Zuidplas (NEZ);2341;3;
Zuidplas;G1892;10855;GROENLINKS / Partij van de Arbeid (PvdA);1845;2;
Zuidplas;G1892;10855;CDA;1567;2;
Zuidplas;G1892;10855;SP (Socialistische Partij);442;;
Zuidplas;G1892;10855;Blanco (lijst 10);31;;
Zundert;G0879;11192;VVD;2508;5;
Zundert;G0879;11192;Ondernemend Platteland;2144;5;
Zundert;G0879;11192;CDA;1625;3;
Zundert;G0879;11192;D66;1421;3;
Zundert;G0879;11192;Onafhankelijke Partij Dorpsbelangen;1223;2;
Zundert;G0879;11192;Lokaal Perspectief;804;1;
Zutphen;G0301;10254;GROENLINKS / Partij van de Arbeid (PvdA);5016;7;
Zutphen;G0301;10254;D66;3624;5;
Zutphen;G0301;10254;VVD;2648;3;
Zutphen;G0301;10254;Forum voor Democratie;2343;3;
Zutphen;G0301;10254;SP (Socialistische Partij);1859;2;
Zutphen;G0301;10254;Kies Bewust Lokaal;1847;2;
Zutphen;G0301;10254;Burgerbelang;1696;2;
Zutphen;G0301;10254;CDA;1271;1;
Zutphen;G0301;10254;Partij voor de Dieren;1042;1;
Zutphen;G0301;10254;STADSPARTIJ Zutphen Warnsveld;887;1;
Zutphen;G0301;10254;Hoi Zutphen;699;1;
Zutphen;G0301;10254;ChristenUnie;696;1;
Zutphen;G0301;10254;LEF - Voor de Nieuwe Generatie;675;;
Zwartewaterland;G1896;10746;Staatkundig Gereformeerde Partij (SGP);3745;6;
Zwartewaterland;G1896;10746;Buitengewoon Zwartewaterland ( BGZ );3253;6;
Zwartewaterland;G1896;10746;ChristenUnie;2601;4;
Zwartewaterland;G1896;10746;CDA;1065;1;
Zwartewaterland;G1896;10746;Partij van de Arbeid (PvdA);900;1;
Zwartewaterland;G1896;10746;VVD;832;1;
Zwijndrecht;G0642;10468;Algemeen Belang Zwijndrecht;6440;12;
Zwijndrecht;G0642;10468;ChristenUnie-SGP;2272;4;
Zwijndrecht;G0642;10468;CDA;2018;3;
Zwijndrecht;G0642;10468;GROENLINKS / Partij van de Arbeid (PvdA);1699;3;
Zwijndrecht;G0642;10468;VVD;1635;3;
Zwijndrecht;G0642;10468;D66;1066;1;
Zwijndrecht;G0642;10468;Partij voor de Rechtsstaat;565;1;
Zwolle;G0193;10093;SWOLLWACHT;12380;8;
Zwolle;G0193;10093;GROENLINKS / Partij van de Arbeid (PvdA);11981;8;
Zwolle;G0193;10093;VVD;7491;5;
Zwolle;G0193;10093;ChristenUnie;7108;4;
Zwolle;G0193;10093;D66;5926;4;
Zwolle;G0193;10093;CDA;5684;3;
Zwolle;G0193;10093;Forum voor Democratie;4137;2;
Zwolle;G0193;10093;Stadspartij Zwolle;4111;2;
Zwolle;G0193;10093;Volt;2511;1;
Zwolle;G0193;10093;Partij voor de Dieren;2255;1;
Zwolle;G0193;10093;SP (Socialistische Partij);2186;1;
Zwolle;G0193;10093;LEF - Voor de Nieuwe Generatie;209;;
